0, aab
1, aabenraa
2, aaby
3, aabybro
4, aaen
5, aagaard
6, aakjær
7, aalborg
8, aalborgenser
9, aalborgensere
10, aalborgenserne
11, aalborgensisk
12, aalborgensiske
13, aalborghallen
14, aalborghus
15, aalborgs
16, aalborgvej
17, aalbæk
18, aalestrup
19, aarestrup
20, aarhus
21, aarhusianske
22, aarup
23, aau
24, ab
25, abbott
26, abc
27, abdel
28, abdija
29, abdul
30, abdullah
31, abe
32, aben
33, abernes
34, abildgaard
35, abildgård
36, abonnement
37, abort
38, abstrakt
39, absurd
40, absurde
41, accent
42, acceptabel
43, acceptabelt
44, acceptable
45, acceptere
46, accepterede
47, accepterer
48, accepteres
49, accepteret
50, actionfilmen
51, adelgade
52, adelsteen
53, adfærd
54, adgang
55, adgangen
56, adgangsbillet
57, adgangskrav
58, adhd
59, adjunkt
60, administrationen
61, administrationsbygning
62, administrationschef
63, administrerende
64, administrerer
65, administreres
66, adresse
67, adressen
68, adresser
69, adrian
70, adskille
71, adskillelse
72, adskiller
73, adskilles
74, adskillige
75, adskilt
76, adskilte
77, adspurgt
78, adspurgte
79, advare
80, advarede
81, advarer
82, advaret
83, advarsel
84, advarslen
85, advarsler
86, advent
87, advokat
88, advokaten
89, advokater
90, afbalanceret
91, afblæst
92, afbrudt
93, afbryde
94, afbryder
95, afbrydes
96, afbræk
97, afbrænding
98, afbrød
99, afbud
100, afd
101, afdeling
102, afdelingen
103, afdelinger
104, afdelingerne
105, afdelingschef
106, afdelingsdirektør
107, afdelingsleder
108, afdelingslederen
109, afdrag
110, afdrage
111, afdække
112, afdækker
113, afdækket
114, afdækning
115, afdæmpet
116, afdøde
117, affald
118, affaldet
119, affaldssortering
120, affolkning
121, affyre
122, affyrede
123, affyret
124, affyring
125, affyringen
126, affødt
127, affødte
128, afføring
129, afgang
130, afgange
131, afgav
132, afghanistan
133, afghanistans
134, afgift
135, afgiften
136, afgifter
137, afgifterne
138, afgiftssystem
139, afgiftssystemet
140, afgik
141, afgive
142, afgiver
143, afgives
144, afgivet
145, afgivne
146, afgjorde
147, afgjort
148, afgrænset
149, afgræsning
150, afgrøde
151, afgrøder
152, afgrøderne
153, afgående
154, afgået
155, afgår
156, afgør
157, afgøre
158, afgørelse
159, afgørelsen
160, afgørelser
161, afgørelserne
162, afgørende
163, afgøres
164, afhandling
165, afhente
166, afhjælpe
167, afholde
168, afholdelse
169, afholder
170, afholdes
171, afholdt
172, afholdte
173, afhoppere
174, afhænde
175, afhænge
176, afhænger
177, afhængig
178, afhængige
179, afhængighed
180, afhængighedsskabende
181, afhængigt
182, afhøre
183, afhøres
184, afhøring
185, afhøringen
186, afhøringer
187, afhørt
188, afkast
189, afklare
190, afklares
191, afklaret
192, afklaring
193, afkom
194, afkorte
195, afkroge
196, afkræfte
197, afkørsel
198, afkørslen
199, aflagde
200, aflagt
201, aflaste
202, aflastning
203, afledt
204, afledte
205, aflevere
206, afleverede
207, afleverer
208, afleveres
209, afleveret
210, aflevering
211, aflive
212, aflives
213, aflivet
214, aflyse
215, aflyser
216, aflyses
217, aflysning
218, aflysningen
219, aflysninger
220, aflyst
221, aflyste
222, aflægger
223, aflæse
224, aflæses
225, afløb
226, afløse
227, afløser
228, afløseren
229, afløses
230, afløst
231, afløste
232, afmagt
233, afmonteret
234, afp
235, afpresning
236, afprøve
237, afprøver
238, afprøves
239, afprøvet
240, afregning
241, afrikanere
242, afrikansk
243, afrikas
244, afrundede
245, afrundet
246, afsagde
247, afsagt
248, afsat
249, afsatte
250, afsenderen
251, afsides
252, afsiges
253, afskaffe
254, afskaffede
255, afskaffelse
256, afskaffelsen
257, afskaffes
258, afskaffet
259, afsked
260, afskeden
261, afskedigelser
262, afskediges
263, afskediget
264, afskrække
265, afskrækkende
266, afskygninger
267, afskåret
268, afskårne
269, afslaget
270, afslapning
271, afslappede
272, afslappende
273, afslappet
274, afslutning
275, afslutningen
276, afslutninger
277, afslutningsvis
278, afslutte
279, afsluttede
280, afsluttende
281, afslutter
282, afsluttes
283, afsluttet
284, afsløre
285, afslørede
286, afslører
287, afsløres
288, afsløret
289, afsløring
290, afsløringen
291, afsløringer
292, afsmittende
293, afsnit
294, afsnitsledende
295, afsnittet
296, afsone
297, afsonede
298, afsoner
299, afsoning
300, afsoningen
301, afspejle
302, afspejler
303, afspejles
304, afspærret
305, afspærringer
306, afstamning
307, afstand
308, afstande
309, afstanden
310, afsted
311, afstemning
312, afstemningen
313, afstemninger
314, afstod
315, afstraffelse
316, afsæt
317, afsætning
318, afsætte
319, afsætter
320, afsættes
321, afsøge
322, aftage
323, aftagende
324, aftager
325, aftale
326, aftalen
327, aftalens
328, aftalepartierne
329, aftaler
330, aftalerne
331, aftales
332, aftalt
333, aftalte
334, aften
335, aftenen
336, aftenens
337, aftener
338, aftens
339, aftensang
340, aftensmad
341, aftensmaden
342, aftentur
343, aftes
344, aftonbladet
345, aftryk
346, afvanding
347, afveje
348, afvejning
349, afvente
350, afventende
351, afventer
352, afviger
353, afvikle
354, afviklede
355, afvikler
356, afvikles
357, afviklet
358, afvikling
359, afviklingen
360, afvise
361, afvisende
362, afviser
363, afvises
364, afvisning
365, afvist
366, afviste
367, afværge
368, afværget
369, age
370, agent
371, agenter
372, agentur
373, agenturer
374, agenturet
375, agere
376, ageren
377, agerer
378, ageret
379, agersted
380, agf
381, aggerholm
382, aggersborg
383, aggersund
384, aggersundvej
385, aggression
386, aggressiv
387, agnete
388, agnethe
389, agter
390, agtige
391, agtigt
392, agurk
393, ahlmann
394, ahmad
395, ahmed
396, airbnb
397, aircondition
398, airlines
399, ajstrup
400, akademi
401, akademiker
402, akademikere
403, akademisk
404, akademiske
405, akavet
406, akbar
407, akilleshæl
408, akkc
409, akkompagneret
410, akkurat
411, akse
412, aksel
413, akt
414, aktie
415, aktiemarkedet
416, aktier
417, aktierne
418, aktiesparekonto
419, aktindsigt
420, aktion
421, aktionen
422, aktioner
423, aktionærer
424, aktiv
425, aktiveres
426, aktivering
427, aktivist
428, aktivister
429, aktivitet
430, aktiviteterne
431, aktivitetscenter
432, aktivitetscentret
433, aktivitetshuset
434, aktivitetsniveauet
435, aktstykke
436, aktuel
437, aktører
438, aktørerne
439, akutbiler
440, akutlægebil
441, akutlægebilen
442, akutlægebiler
443, akutlægehelikopter
444, akutmodtagelse
445, akutsygehus
446, akvarier
447, al
448, alabu
449, alarmcentralen
450, alarmerede
451, alarmklokkerne
452, alarmopkald
453, albert
454, alberte
455, alberto
456, albertslund
457, albrechtsen
458, album
459, albummet
460, albums
461, alder
462, alderdomshjem
463, alderen
464, aldersgruppen
465, aldersmæssigt
466, alderssvarende
467, aldre
468, aldrig
469, aleksej
470, aleppo
471, alex
472, alexandra
473, alexis
474, alfred
475, algade
476, algeriet
477, algren
478, alkohol
479, alkoholen
480, alkoholforbrug
481, alkoholmisbrug
482, alkometeret
483, allahu
484, allerbedst
485, allerbedste
486, allerede
487, allerfattigste
488, allerførste
489, allerhelst
490, allerhøjeste
491, allermest
492, allersidst
493, allersidste
494, allerslev
495, allerslevs
496, allerstørste
497, allersvageste
498, allervigtigste
499, alleryderste
500, alliancen
501, allierede
502, allieret
503, alligevel
504, almen
505, almene
506, almennyttige
507, alment
508, almindelig
509, almindelige
510, almindelighed
511, almindeligt
512, alperne
513, alsidig
514, alsidige
515, alsidigt
516, alskens
517, alsted
518, alstrup
519, altafgørende
520, altan
521, altaner
522, alternativ
523, alternativets
524, altid
525, alting
526, altinget
527, aluminium
528, alverden
529, alverdens
530, alvor
531, alvorlig
532, alvorlige
533, alvorligste
534, alvorligt
535, alzheimerforeningen
536, amager
537, amalie
538, amandusson
539, amankwah
540, amaq
541, amatør
542, amatører
543, ambassade
544, ambassaden
545, ambassader
546, ambassadør
547, ambassadøren
548, ambassadører
549, ambition
550, ambitionen
551, ambitioner
552, ambitionerne
553, ambitionsniveau
554, ambitiøs
555, ambitiøse
556, ambitiøst
557, ambulancekørsel
558, ambulancen
559, ambulancer
560, ambulatoriet
561, america
562, amerikaner
563, amerikanere
564, amerikaneren
565, amerikanerne
566, amerikansk
567, amerikanske
568, amerikanskledede
569, amerikanskstøttede
570, ammitzbøll
571, amok
572, amsterdam
573, amstrup
574, amt
575, amter
576, amtet
577, amtoft
578, amts
579, amtsråd
580, an
581, analysearbejde
582, analysecenter
583, analyseinstituttet
584, analysere
585, analyserede
586, analyserer
587, analyseres
588, analytikere
589, anbefale
590, anbefalede
591, anbefaler
592, anbefales
593, anbefalet
594, anbefalingen
595, anbefalinger
596, anbefalingerne
597, anbragt
598, anbragte
599, anbringe
600, anbringelse
601, anbringelser
602, anbringes
603, and
604, andelshavere
605, andelskassen
606, andenbehandling
607, andenplads
608, andenpladsen
609, andens
610, anderledes
611, andersen
612, andersens
613, anderson
614, andersson
615, andet
616, andethold
617, andetsteds
618, andr
619, andre
620, andreas
621, andreasen
622, andreassen
623, andrej
624, andres
625, andrew
626, andrzej
627, ane
628, anede
629, anelse
630, aner
631, anerkende
632, anerkendelse
633, anerkendende
634, anerkender
635, anerkendes
636, anerkendt
637, anerkendte
638, anette
639, anfægter
640, anfægtet
641, anfører
642, anføreren
643, anføres
644, anført
645, angela
646, angeles
647, angiveligt
648, angives
649, angivet
650, angreb
651, angrebene
652, angrebet
653, angrebsmanden
654, angrebsspil
655, angribe
656, angribende
657, angriber
658, angribere
659, angriberen
660, angriberne
661, angribes
662, angst
663, angsten
664, angående
665, angår
666, anholde
667, anholdelse
668, anholdelsen
669, anholdelser
670, anholdelserne
671, anholdt
672, anholdte
673, animationsfilm
674, anita
675, anja
676, anke
677, ankede
678, anker
679, ankersen
680, ankes
681, ankesagen
682, ankestyrelsen
683, anket
684, anklage
685, anklagebænken
686, anklagede
687, anklagemyndighed
688, anklagemyndigheden
689, anklagemyndighedens
690, anklagen
691, anklager
692, anklagere
693, anklageren
694, anklagerens
695, anklagerne
696, anklages
697, anklageskrift
698, anklageskriftet
699, anklaget
700, ankom
701, ankomme
702, ankommer
703, ankommet
704, ankomst
705, anledning
706, anledningen
707, anliggende
708, anliggender
709, anlæg
710, anlægge
711, anlægges
712, anlægget
713, anlægsarbejde
714, anlægsarbejdet
715, anlægsbudget
716, anlægsbudgettet
717, anlægsprojekter
718, anløb
719, anløbe
720, anmeldelse
721, anmeldelsen
722, anmeldelser
723, anmeldelserne
724, anmelder
725, anmeldere
726, anmelderen
727, anmelderne
728, anmelderroste
729, anmeldes
730, anmeldt
731, anmeldte
732, anmode
733, anmodede
734, anmodningen
735, anmærkninger
736, annabelle
737, annekteret
738, annektering
739, annemette
740, annette
741, annie
742, annika
743, annoncen
744, annoncere
745, annoncerede
746, annoncerer
747, annonceret
748, annullere
749, annulleret
750, anny
751, anonym
752, anonymitet
753, anparter
754, ansat
755, ansatte
756, ansattes
757, anser
758, anset
759, ansgarshjemmet
760, ansgarskirken
761, ansigt
762, ansigter
763, ansigtet
764, anskaffet
765, anslået
766, anspore
767, anspændt
768, anspændte
769, anstrengelser
770, anstrengelserne
771, anstrengt
772, anstrengte
773, anstændig
774, ansvar
775, ansvaret
776, ansvarlig
777, ansvarlige
778, ansvarlighed
779, ansvarligt
780, anså
781, ansætte
782, ansættelse
783, ansættelsen
784, ansættelser
785, ansættelsesstop
786, ansætter
787, ansættes
788, ansøge
789, ansøger
790, ansøgere
791, ansøgeren
792, ansøgerne
793, ansøgning
794, ansøgningen
795, ansøgninger
796, ansøgningerne
797, ansøgningsfrist
798, ansøgningsfristen
799, ansøgningsskema
800, ansøgt
801, ansøgte
802, antage
803, antager
804, antages
805, antaget
806, antal
807, antallet
808, antarktis
809, antastet
810, anthony
811, antibiotika
812, antipas
813, antisemitisme
814, anton
815, antoni
816, antonio
817, antonsen
818, antyde
819, antydede
820, antyder
821, antydet
822, antænde
823, antændt
824, antændte
825, anvendelig
826, anvendelige
827, anvendelsen
828, anvender
829, anvendes
830, anvendt
831, anvendte
832, anvisning
833, anvisninger
834, anæstesi
835, anæstesilæge
836, aof
837, apostolsk
838, apotek
839, apoteket
840, app
841, apparat
842, apparater
843, apparatet
844, appellere
845, appellerede
846, appellerer
847, appelleret
848, appetit
849, appleby
850, april
851, apropos
852, aps
853, aqsa
854, ar
855, arabien
856, arabiens
857, arabisk
858, arabiske
859, arakan
860, arbeiderpartiet
861, arbejde
862, arbejdede
863, arbejdende
864, arbejder
865, arbejderbevægelsens
866, arbejdere
867, arbejderne
868, arbejdes
869, arbejdet
870, arbejds
871, arbejdsdag
872, arbejdsdage
873, arbejdsevne
874, arbejdsforhold
875, arbejdsgange
876, arbejdsgangene
877, arbejdsgiver
878, arbejdsgivere
879, arbejdsgiveren
880, arbejdsgiverforening
881, arbejdsgiverne
882, arbejdsglæde
883, arbejdsglæden
884, arbejdsgruppe
885, arbejdsgruppen
886, arbejdsgrupper
887, arbejdsindsats
888, arbejdskraft
889, arbejdskraften
890, arbejdsliv
891, arbejdslivet
892, arbejdsløs
893, arbejdsløse
894, arbejdsløshed
895, arbejdsløsheden
896, arbejdsmarked
897, arbejdsmarkedet
898, arbejdsmarkedets
899, arbejdsmarkeds
900, arbejdsmarkedsforsker
901, arbejdsmarkedsudvalget
902, arbejdsmiljø
903, arbejdsmiljøet
904, arbejdsopgaver
905, arbejdsplads
906, arbejdspladsen
907, arbejdspladser
908, arbejdspladserne
909, arbejdspres
910, arbejdsprøvning
911, arbejdsskade
912, arbejdsstyrken
913, arbejdstagere
914, arbejdstid
915, arbejdstiden
916, arbejdstilladelse
917, arbejdstilsynet
918, arbejdstimer
919, arbejdstøj
920, arbejdstøjet
921, arbejdsulykke
922, arbejdsvilkår
923, ard
924, areal
925, arealer
926, arealerne
927, arealet
928, arentsminde
929, argument
930, argumentere
931, argumenterede
932, argumenterer
933, argumenterne
934, arier
935, arizona
936, ark
937, arkitekt
938, arkitekten
939, arkitekter
940, arkitekterne
941, arkitektfirmaet
942, arkitektur
943, arkiv
944, arkiver
945, arktis
946, arkæolog
947, arkæologer
948, arkæologerne
949, arkæologiske
950, arla
951, arm
952, armbevægelser
953, arme
954, armen
955, armene
956, armenien
957, arne
958, arnth
959, arrangement
960, arrangementer
961, arrangementerne
962, arrangere
963, arrangerede
964, arrangerer
965, arrangeres
966, arrangeret
967, arrangør
968, arrangøren
969, arrangører
970, arrangørerne
971, arrangørernes
972, arrest
973, arresteret
974, arrogant
975, art
976, arten
977, arter
978, arthur
979, artikel
980, artiklen
981, artikler
982, arv
983, arvede
984, arvet
985, as
986, asaa
987, asbest
988, asbjørn
989, aserbajdsjan
990, asfalt
991, asfalteret
992, asger
993, aske
994, asken
995, askesky
996, asmussen
997, aspekt
998, assad
999, assads
1000, assels
1001, assens
1002, assistent
1003, assistenttræner
1004, assistere
1005, association
1006, astma
1007, astmans
1008, aston
1009, astrid
1010, astrup
1011, asyl
1012, asylansøger
1013, asylansøgere
1014, asylansøgerne
1015, asylansøgninger
1016, asylbehandling
1017, asylcenter
1018, asylcentre
1019, asylcentrene
1020, asylcentret
1021, asylpolitik
1022, asylsystem
1023, asylsøgere
1024, athen
1025, atlanten
1026, atlanterhavet
1027, atlet
1028, atleter
1029, atmosfære
1030, atmosfæren
1031, atom
1032, atomaftale
1033, atomaftalen
1034, atombombe
1035, atomdrevne
1036, atomkraft
1037, atommagt
1038, atommagter
1039, atomprogram
1040, atomprogrammet
1041, atomprøvesprængning
1042, atomprøvesprængninger
1043, atomtest
1044, atomvåben
1045, atp
1046, atter
1047, attraktioner
1048, attraktionerne
1049, atypisk
1050, august
1051, auktion
1052, auktionen
1053, auktioner
1054, aung
1055, australiens
1056, australsk
1057, autentisk
1058, autisme
1059, autoforhandler
1060, autografer
1061, automat
1062, automatisk
1063, autorisation
1064, autoritet
1065, autoriteter
1066, autoværksted
1067, autoværnet
1068, avancerede
1069, avanceret
1070, avis
1071, avisen
1072, avisens
1073, aviser
1074, aviserne
1075, aviv
1076, avle
1077, avler
1078, avlere
1079, avv
1080, axelsen
1081, aygo
1082, babayan
1083, baby
1084, babyer
1085, bachelor
1086, bachs
1087, bad
1088, bade
1089, badebro
1090, badebroen
1091, badegæster
1092, badegæsterne
1093, badehotel
1094, badehotellet
1095, badende
1096, bader
1097, badet
1098, badevandet
1099, badeværelse
1100, badminton
1101, badmintonklub
1102, badning
1103, badsberg
1104, bag
1105, bagage
1106, bagagen
1107, bagagerummet
1108, bagdad
1109, bagdel
1110, bagdør
1111, bage
1112, bagedyst
1113, bagefter
1114, bagen
1115, bagende
1116, bager
1117, bageren
1118, bageri
1119, bageriet
1120, bagerst
1121, bagerste
1122, bagfra
1123, baggesens
1124, baggrund
1125, baggrunden
1126, baghave
1127, baghaven
1128, baghdadi
1129, baghovedet
1130, bagkant
1131, bagland
1132, baglandet
1133, baglæns
1134, bagmandspolitiet
1135, bagmænd
1136, bagside
1137, bagsiden
1138, bagslag
1139, bagspiller
1140, bagsædet
1141, bagt
1142, bagud
1143, bagved
1144, bagvedliggende
1145, bakke
1146, bakkede
1147, bakken
1148, bakker
1149, bakkerne
1150, bakkes
1151, bakket
1152, bakkevej
1153, bakr
1154, bakspejlet
1155, bakterien
1156, bakterier
1157, bakterierne
1158, balancegang
1159, balancen
1160, balancere
1161, balanceret
1162, ballade
1163, balladen
1164, balleby
1165, ballerup
1166, ballet
1167, balletten
1168, ballon
1169, ballonen
1170, balloner
1171, baltikum
1172, bambus
1173, bamse
1174, banalt
1175, band
1176, bande
1177, bandekonflikt
1178, bandekonflikten
1179, bandekrig
1180, bandeleder
1181, bandelederen
1182, bandemedlem
1183, bandemedlemmer
1184, bandemedlemmerne
1185, bandemiljøet
1186, bandeopgør
1187, bandepakke
1188, banderelateret
1189, banderne
1190, bandernes
1191, bandet
1192, bandets
1193, bands
1194, bane
1195, banebrydende
1196, banedanmark
1197, banede
1198, banegård
1199, banegården
1200, banegårdspladsen
1201, banehalvdel
1202, banens
1203, banerne
1204, banet
1205, bange
1206, bangkok
1207, bangladesh
1208, bangsbo
1209, bank
1210, banke
1211, bankede
1212, banken
1213, bankens
1214, banker
1215, bankerne
1216, banket
1217, bankkontonummer
1218, bankmand
1219, bankohallen
1220, bankospil
1221, banks
1222, bannere
1223, bannon
1224, baptistkirken
1225, bar
1226, barcelona
1227, barcelonas
1228, bare
1229, baren
1230, barer
1231, barn
1232, barndom
1233, barndommen
1234, barndommens
1235, barndoms
1236, barndomshjemmet
1237, barnebarn
1238, barnet
1239, barnets
1240, barnevogn
1241, barnevogne
1242, barnier
1243, barnlige
1244, barnløs
1245, barns
1246, barnsben
1247, barrett
1248, barrierer
1249, barsel
1250, barsk
1251, base
1252, baseballbat
1253, baserede
1254, baserer
1255, baseres
1256, baseret
1257, bashar
1258, basis
1259, basketball
1260, bassin
1261, batteri
1262, batterier
1263, batterierne
1264, batteriet
1265, bavnebakkeskolen
1266, bayern
1267, bdo
1268, bearbejde
1269, bearbejdes
1270, bearbejdet
1271, bearbejdning
1272, beatles
1273, beboede
1274, beboelse
1275, beboere
1276, beboeren
1277, beboerforening
1278, beboerne
1279, beboernes
1280, bebudede
1281, bebuder
1282, bebudet
1283, bebyggelsen
1284, bebygget
1285, bed
1286, bede
1287, beder
1288, bedes
1289, bedre
1290, bedrevidende
1291, bedrift
1292, bedriften
1293, bedring
1294, bedst
1295, bedste
1296, bedsted
1297, bedsteds
1298, bedstefar
1299, bedsteforældre
1300, bedstemor
1301, bedt
1302, bedømmelse
1303, bedømmelsen
1304, bedømmer
1305, bedømt
1306, bedøvet
1307, befandt
1308, befinder
1309, befolkede
1310, befolkning
1311, befolkningen
1312, befolkningens
1313, befolkninger
1314, befolkningsgrupper
1315, befolkningstal
1316, befolkningstallet
1317, befolkningsudvikling
1318, befolkningsudviklingen
1319, befriende
1320, befriet
1321, befundet
1322, beføjelser
1323, begavede
1324, begavet
1325, begejstrede
1326, begejstret
1327, begejstring
1328, begejstringen
1329, begge
1330, begik
1331, begivenhed
1332, begivenheden
1333, begivenheder
1334, begivenhederne
1335, begiver
1336, begravelse
1337, begravelsen
1338, begreb
1339, begreber
1340, begrebet
1341, begrunde
1342, begrundede
1343, begrundelse
1344, begrundelsen
1345, begrunder
1346, begrundes
1347, begrundet
1348, begrænse
1349, begrænsede
1350, begrænser
1351, begrænses
1352, begrænset
1353, begrænsning
1354, begrænsninger
1355, begunstiget
1356, begynde
1357, begyndelse
1358, begyndelsen
1359, begyndende
1360, begynder
1361, begyndere
1362, begyndt
1363, begyndte
1364, begået
1365, begære
1366, begæres
1367, behagelige
1368, behageligt
1369, behandle
1370, behandlede
1371, behandler
1372, behandlere
1373, behandles
1374, behandlet
1375, behandlinger
1376, behandlingsdom
1377, behandlingsforløb
1378, behandlingsmetoder
1379, behandlingsmuligheder
1380, behandlingsplan
1381, behandlingstid
1382, behersket
1383, behjælpelige
1384, behold
1385, beholde
1386, beholder
1387, beholdt
1388, behov
1389, behovet
1390, behørigt
1391, behøvede
1392, behøver
1393, beijing
1394, beirut
1395, bejler
1396, bekender
1397, bekendt
1398, bekendte
1399, bekendtgjort
1400, bekendtgørelse
1401, bekendtgørelsen
1402, bekendtskab
1403, bekendtskaber
1404, beklage
1405, beklagede
1406, beklageligt
1407, beklagelse
1408, beklager
1409, beklædning
1410, beklædt
1411, bekostelig
1412, bekostning
1413, bekræfte
1414, bekræftede
1415, bekræftelse
1416, bekræftende
1417, bekræfter
1418, bekræftes
1419, bekræftet
1420, bekymrede
1421, bekymrende
1422, bekymrer
1423, bekymring
1424, bekymringen
1425, bekymringer
1426, bekymringerne
1427, bekæmpe
1428, bekæmpelse
1429, bekæmpelsen
1430, bekæmpelses
1431, bekæmper
1432, bekæmpes
1433, bekæmpet
1434, belaste
1435, belastede
1436, belejligt
1437, belgien
1438, belgiens
1439, belgisk
1440, beliggenhed
1441, beliggenheden
1442, bellevue
1443, belyse
1444, belysning
1445, belyst
1446, belæg
1447, belægning
1448, belægningen
1449, beløb
1450, beløber
1451, beløbet
1452, belønner
1453, belønnes
1454, belønnet
1455, belønningen
1456, bemandet
1457, bemanding
1458, bemandingen
1459, bemærk
1460, bemærke
1461, bemærkede
1462, bemærkelsesværdig
1463, bemærkelsesværdige
1464, bemærkelsesværdigt
1465, bemærker
1466, bemærkes
1467, bemærket
1468, bemærkning
1469, bemærkninger
1470, bemærkningerne
1471, ben
1472, bendix
1473, bendt
1474, bendtner
1475, benedicte
1476, benedikt
1477, benediktsson
1478, benediktssons
1479, benene
1480, benet
1481, benhård
1482, benhårdt
1483, bente
1484, benytte
1485, benyttede
1486, benyttelse
1487, benytter
1488, benyttes
1489, benyttet
1490, benzin
1491, benzinmotor
1492, benægte
1493, benægter
1494, beordrede
1495, beordret
1496, beplantning
1497, berammet
1498, beredskab
1499, beredskaber
1500, beredskabet
1501, beredskabets
1502, beredskabschef
1503, beredskabsplan
1504, beredskabsstyrelsen
1505, beregnes
1506, beregnet
1507, beregningen
1508, beregninger
1509, beregningerne
1510, beretning
1511, beretningen
1512, beretninger
1513, berette
1514, berettede
1515, beretter
1516, berettet
1517, berettigelse
1518, berettiger
1519, berettiget
1520, berigelseskriminalitet
1521, beriget
1522, berlingske
1523, bernt
1524, berolige
1525, beroliger
1526, beror
1527, bertel
1528, bertelsen
1529, berthelsen
1530, berusede
1531, beruset
1532, berygtede
1533, berygtet
1534, berømt
1535, berøre
1536, berører
1537, berøres
1538, berøring
1539, berørt
1540, berørte
1541, besat
1542, besatte
1543, besejre
1544, besejrede
1545, besejret
1546, besidde
1547, besiddelse
1548, besidder
1549, besigtige
1550, besindighed
1551, beskadigede
1552, beskadiget
1553, beskaffenhed
1554, beskatning
1555, beskatningen
1556, beskattes
1557, besked
1558, beskeden
1559, beskedent
1560, beskeder
1561, beskedne
1562, beskidt
1563, beskidte
1564, beskrev
1565, beskrevet
1566, beskrive
1567, beskrivelse
1568, beskrivelsen
1569, beskrivelser
1570, beskriver
1571, beskudt
1572, beskylde
1573, beskylder
1574, beskyldes
1575, beskyldninger
1576, beskyldningerne
1577, beskyldt
1578, beskyldte
1579, beskyttede
1580, beskyttelse
1581, beskyttelsen
1582, beskytter
1583, beskyttes
1584, beskåret
1585, beskæf
1586, beskæftige
1587, beskæftigede
1588, beskæftigelse
1589, beskæftigelsen
1590, beskæftigelses
1591, beskæftigelsesborgmester
1592, beskæftigelsesforvaltningen
1593, beskæftigelsesfradraget
1594, beskæftigelsesminister
1595, beskæftigelsesministeriet
1596, beskæftigelsesudvalget
1597, beskæftiger
1598, beskæftiget
1599, beskære
1600, beskæres
1601, beskæring
1602, beskød
1603, beslaglagde
1604, beslaglagt
1605, beslutning
1606, beslutningen
1607, beslutninger
1608, beslutningerne
1609, beslutningsforslag
1610, beslutningstagere
1611, beslutningstagerne
1612, beslutsomhed
1613, beslutte
1614, besluttede
1615, beslutter
1616, besluttes
1617, besluttet
1618, beslægtet
1619, besparelsen
1620, besparelser
1621, besparelserne
1622, bestand
1623, bestanden
1624, bestandigt
1625, bestemme
1626, bestemmelser
1627, bestemmer
1628, bestemt
1629, bestemte
1630, bestik
1631, bestikkelse
1632, bestille
1633, bestiller
1634, bestilles
1635, bestillinger
1636, bestilt
1637, bestilte
1638, bestrider
1639, bestræbelser
1640, bestræbelserne
1641, bestræber
1642, bestyrelse
1643, bestyrelsen
1644, bestyrelsens
1645, bestyrelser
1646, bestyrelserne
1647, bestyrelsesarbejde
1648, bestyrelsesarbejdet
1649, bestyrelsesformand
1650, bestyrelsesformanden
1651, bestyrelsesmedlem
1652, bestyrelsesmedlemmer
1653, bestyrelsesmøde
1654, bestyrelsesposter
1655, bestyrer
1656, bestå
1657, bestående
1658, bestået
1659, besvare
1660, besvarer
1661, besvares
1662, besvaret
1663, besvær
1664, besværet
1665, besværlig
1666, besværlige
1667, besværligt
1668, besynderligt
1669, besætning
1670, besætningen
1671, besætninger
1672, besætningsmedlemmer
1673, besætte
1674, besættelse
1675, besættelsen
1676, besøg
1677, besøge
1678, besøgende
1679, besøgene
1680, besøger
1681, besøges
1682, besøget
1683, besøgstal
1684, besøgstallet
1685, besøgt
1686, besøgte
1687, betagende
1688, betale
1689, betalende
1690, betaler
1691, betales
1692, betaling
1693, betalingen
1694, betalinger
1695, betalingskort
1696, betalt
1697, betalte
1698, betegnede
1699, betegnelse
1700, betegnelsen
1701, betegner
1702, betegnes
1703, betegnet
1704, betingede
1705, betingelse
1706, betingelser
1707, betingelserne
1708, betingelsesløs
1709, betinget
1710, betjener
1711, betjenes
1712, betjent
1713, betjente
1714, betjenten
1715, betjentene
1716, betjentenes
1717, betleri
1718, beton
1719, betonede
1720, betonelementer
1721, betoner
1722, betonklods
1723, betragte
1724, betragtede
1725, betragtelig
1726, betragteligt
1727, betragter
1728, betragtes
1729, betragtet
1730, betragtning
1731, betragtninger
1732, betroede
1733, betryggende
1734, bettina
1735, betvivler
1736, betyde
1737, betydelige
1738, betydeligt
1739, betydende
1740, betyder
1741, betydet
1742, betydning
1743, betydningen
1744, betydningsfulde
1745, betænkelig
1746, betænkeligheder
1747, betænkeligt
1748, betænkning
1749, betænkningstid
1750, betænkt
1751, betød
1752, bevar
1753, bevare
1754, bevarede
1755, bevarelse
1756, bevarer
1757, bevares
1758, bevaret
1759, bevaringsværdige
1760, bevidst
1761, bevidste
1762, bevidsthed
1763, bevidstheden
1764, bevidstløs
1765, bevilgede
1766, bevilger
1767, bevilget
1768, bevilliget
1769, bevillingen
1770, bevillinger
1771, bevillingerne
1772, bevillingslov
1773, bevillingssystem
1774, bevirker
1775, bevis
1776, bevise
1777, beviser
1778, beviserne
1779, bevises
1780, bevismateriale
1781, bevist
1782, beviste
1783, bevogtet
1784, bevogtningsopgaver
1785, bevågenhed
1786, bevæbnede
1787, bevæbnet
1788, bevæg
1789, bevæge
1790, bevægede
1791, bevægelighed
1792, bevægelse
1793, bevægelsen
1794, bevægelsens
1795, bevægelser
1796, bevægende
1797, bevæger
1798, bevæget
1799, beæret
1800, bi
1801, biavlerforening
1802, bibeholde
1803, bibelcamping
1804, bibelen
1805, bibeltime
1806, bibliotek
1807, bibliotekar
1808, biblioteker
1809, bibliotekerne
1810, biblioteket
1811, bibliotekets
1812, bid
1813, bide
1814, bider
1815, bidrag
1816, bidrage
1817, bidrager
1818, bidraget
1819, bidragydere
1820, bidragyderne
1821, bidt
1822, biecentret
1823, bier
1824, biersted
1825, bifald
1826, bigband
1827, bigfoot
1828, bil
1829, bilafgifter
1830, bilafgifterne
1831, bilag
1832, bilbranchen
1833, bilbranden
1834, bilejer
1835, bilejere
1836, bilen
1837, bilens
1838, biler
1839, bilerne
1840, bilernes
1841, bilforhandlere
1842, bilinspektør
1843, bilist
1844, bilisten
1845, bilister
1846, bilisterne
1847, bilisternes
1848, bilkørsel
1849, billard
1850, bille
1851, billede
1852, billeder
1853, billederne
1854, billedet
1855, billedhugger
1856, billedkunstner
1857, billedkunstnere
1858, billet
1859, billetkontor
1860, billetprisen
1861, billetsalg
1862, billetsalget
1863, billetten
1864, billetter
1865, billetterne
1866, billig
1867, billige
1868, billigere
1869, billigst
1870, billigt
1871, billund
1872, bilproducenter
1873, bilsalget
1874, bilsyn
1875, biltrafik
1876, bilulykke
1877, binde
1878, bindeled
1879, binderup
1880, bindslev
1881, bio
1882, biogasanlæg
1883, biograf
1884, biografen
1885, biografens
1886, biografer
1887, biograferne
1888, biografi
1889, biografsalen
1890, biologi
1891, birger
1892, birgit
1893, birgitte
1894, birkebo
1895, birkelse
1896, birmingham
1897, birte
1898, birthe
1899, biseksuelle
1900, bisgaard
1901, bisidder
1902, biskop
1903, bispensgade
1904, bitter
1905, bitterhed
1906, bittesmå
1907, bivirkninger
1908, bj
1909, bjarke
1910, bjarne
1911, bjarni
1912, bjerg
1913, bjergby
1914, bjerge
1915, bjergene
1916, bjerget
1917, bjerre
1918, bjerregaard
1919, bjerringbro
1920, bjærge
1921, bjærget
1922, bjørn
1923, bjørne
1924, bjørnen
1925, bl
1926, blad
1927, bladene
1928, bladet
1929, bladets
1930, bladt
1931, bland
1932, blande
1933, blandede
1934, blander
1935, blandet
1936, blanding
1937, blandt
1938, blank
1939, bleer
1940, bleg
1941, blenstrup
1942, blevet
1943, blid
1944, blidstrup
1945, blik
1946, blikke
1947, blikket
1948, blind
1949, blindt
1950, blink
1951, blinke
1952, blinkende
1953, bliv
1954, bloch
1955, blod
1956, blodbad
1957, blodet
1958, blodig
1959, blodigt
1960, blodprop
1961, blodpropper
1962, blodtryk
1963, blog
1964, blogger
1965, blok
1966, blokere
1967, blokerede
1968, blokerer
1969, blokeret
1970, blokhus
1971, blokke
1972, blokken
1973, blokkene
1974, bloktilskud
1975, blomst
1976, blomster
1977, blomsterne
1978, blomsterpark
1979, blomstre
1980, blomstrede
1981, blomstrer
1982, bloomberg
1983, blot
1984, blues
1985, blufærdighedskrænkelse
1986, blus
1987, blusset
1988, bly
1989, blå
1990, blåbjerg
1991, blåfinnede
1992, blåfinnet
1993, blågårds
1994, blåmuslinger
1995, blåt
1996, blæksprutte
1997, blære
1998, blæse
1999, blæsende
2000, blæser
2001, blæsevejr
2002, blæst
2003, blæste
2004, blæsten
2005, blød
2006, bløde
2007, blødende
2008, blødere
2009, blødt
2010, bmw
2011, bnp
2012, bo
2013, bod
2014, boden
2015, boder
2016, boderne
2017, bodil
2018, boede
2019, boelt
2020, boelts
2021, boesen
2022, boet
2023, bofællesskab
2024, bofællesskaber
2025, bog
2026, bogby
2027, bogen
2028, bogens
2029, bogholderi
2030, boglige
2031, bogstav
2032, bogstavelig
2033, bogstaveligste
2034, bogstaveligt
2035, bogstaver
2036, bojesen
2037, bokseklub
2038, boksere
2039, boksning
2040, bold
2041, bolde
2042, bolden
2043, boldene
2044, boldklub
2045, boldrup
2046, boldspil
2047, bolig
2048, boligbyggeri
2049, boligejere
2050, boligejerne
2051, boligen
2052, boliger
2053, boligerne
2054, boligforening
2055, boligforeningen
2056, boligjobordningen
2057, boligmarked
2058, boligmarkedet
2059, boligmasse
2060, boligminister
2061, boligministeriet
2062, boligområder
2063, boligområdet
2064, boligpriserne
2065, boligselskab
2066, boligselskaber
2067, boligselskabet
2068, boligsiden
2069, boligstyrelsen
2070, boligstøtte
2071, bolius
2072, boller
2073, bolsjer
2074, boltre
2075, bombe
2076, bombeangreb
2077, bombede
2078, bomben
2079, bomber
2080, bombet
2081, bon
2082, bonde
2083, bonderup
2084, bonnesen
2085, bonus
2086, bookede
2087, booket
2088, bookinger
2089, booste
2090, bopæl
2091, bopælen
2092, bor
2093, bord
2094, borde
2095, bordenden
2096, bordet
2097, bordtennis
2098, boremaskine
2099, boret
2100, borg
2101, borgen
2102, borger
2103, borgere
2104, borgeren
2105, borgerens
2106, borgeres
2107, borgerforening
2108, borgerforeningen
2109, borgerforeninger
2110, borgergade
2111, borgerinddragelse
2112, borgerkrig
2113, borgerkrigen
2114, borgerlige
2115, borgerligt
2116, borgerliste
2117, borgerlisten
2118, borgermøde
2119, borgermøder
2120, borgermødet
2121, borgerne
2122, borgernes
2123, borgernære
2124, borgerrepræsentation
2125, borgers
2126, borgerservice
2127, borgerskab
2128, borgmester
2129, borgmesteren
2130, borgmesterens
2131, borgmesterkandidat
2132, borgmesterkandidater
2133, borgmesterkontoret
2134, borgmesterkæden
2135, borgmesterpost
2136, borgmesterposten
2137, borgmesterposter
2138, borgmesterstolen
2139, borgmestre
2140, borgmestrene
2141, boringer
2142, bornholm
2143, bornholms
2144, bort
2145, borte
2146, bortført
2147, bortrejst
2148, bortset
2149, bortvist
2150, borup
2151, borussia
2152, bosat
2153, bosiddende
2154, bosteder
2155, bostedet
2156, bostøtte
2157, bosætning
2158, bosætningen
2159, bosætte
2160, bosættelse
2161, bosættelser
2162, bosætter
2163, botilbud
2164, bouet
2165, boulevard
2166, boulevarden
2167, bowling
2168, boykot
2169, boykotte
2170, boykottede
2171, boykottet
2172, boysen
2173, brabrand
2174, brag
2175, bragede
2176, bragende
2177, braget
2178, bragt
2179, bragte
2180, bramsen
2181, branche
2182, branchedirektør
2183, brancheforening
2184, brancheforeningen
2185, branchen
2186, branchens
2187, brancheorganisation
2188, brancheorganisationen
2189, brand
2190, brandalarm
2191, brandbil
2192, brandbiler
2193, brandchef
2194, brande
2195, branden
2196, brandenburg
2197, brandene
2198, brandfolk
2199, brandfolkene
2200, brandmand
2201, brandmanden
2202, brandmænd
2203, brandmændene
2204, brands
2205, brandsikkerhed
2206, brandskader
2207, brandslukning
2208, brandslukningen
2209, brandstationen
2210, brandstederne
2211, brandstedet
2212, brandstiftelse
2213, brandt
2214, brandtekniske
2215, brandvæsen
2216, brandvæsenet
2217, brandvæsnet
2218, brandårsagen
2219, brandærgerligt
2220, brasilia
2221, brasilianske
2222, brasilien
2223, brat
2224, bratislava
2225, bred
2226, bredbånd
2227, bredbåndspuljen
2228, bredde
2229, breddegrader
2230, bredden
2231, bredder
2232, brede
2233, bredere
2234, bredeste
2235, bredgade
2236, bredning
2237, bredt
2238, bredte
2239, bremen
2240, bremsede
2241, bremserne
2242, brev
2243, breve
2244, brevene
2245, brevet
2246, brevkasse
2247, brevstemme
2248, brevstemmer
2249, brevvalg
2250, brexitminister
2251, bridge
2252, brik
2253, brikker
2254, brikkerne
2255, briller
2256, bring
2257, bringe
2258, bringer
2259, bringes
2260, brinkmann
2261, bristepunktet
2262, brite
2263, briter
2264, briterne
2265, briternes
2266, britisk
2267, britiske
2268, britta
2269, brix
2270, bro
2271, broderparten
2272, brodersen
2273, brodne
2274, broen
2275, broer
2276, broerne
2277, broget
2278, broholm
2279, brokke
2280, brokker
2281, bronze
2282, bronzealderen
2283, bronzemedalje
2284, bronzemedaljer
2285, bror
2286, broren
2287, brosten
2288, brovst
2289, brud
2290, bruddet
2291, brudt
2292, brug
2293, brugbar
2294, brugbare
2295, brugbart
2296, bruge
2297, brugen
2298, bruger
2299, brugerbetaling
2300, brugere
2301, brugeren
2302, brugerne
2303, brugernes
2304, brugerrådet
2305, bruges
2306, brugs
2307, brugsen
2308, brugskunst
2309, brugt
2310, brugte
2311, bruhn
2312, brun
2313, brunch
2314, brune
2315, brutal
2316, brutale
2317, bruttonationalprodukt
2318, bruttonationalproduktet
2319, bruxelles
2320, bryan
2321, bryde
2322, bryder
2323, brydes
2324, brygge
2325, bryggeri
2326, bryghus
2327, bryghuset
2328, brygmester
2329, bryllup
2330, bryllupper
2331, bryllupsreception
2332, bryst
2333, bryste
2334, bryster
2335, brysterne
2336, brystet
2337, brystkræft
2338, brædder
2339, brække
2340, brækkede
2341, brækket
2342, brænde
2343, brændende
2344, brændeovn
2345, brændeovne
2346, brændeovnen
2347, brænder
2348, brændes
2349, brændpunkter
2350, brændsler
2351, brændstof
2352, brændstoffer
2353, brændstoffet
2354, brændt
2355, brændte
2356, brød
2357, brødet
2358, brødre
2359, brødrene
2360, brøkdel
2361, brøndby
2362, brønderslev
2363, brønderslevs
2364, brøndum
2365, brønshøj
2366, bsv
2367, bt
2368, buckingham
2369, bud
2370, budapest
2371, buddene
2372, buddet
2373, budget
2374, budgetaftalen
2375, budgetanalyse
2376, budgetforhandlinger
2377, budgetforhandlingerne
2378, budgetforlig
2379, budgetforliget
2380, budgetforslag
2381, budgetforslaget
2382, budgetlægning
2383, budgetlægningen
2384, budgetoverskridelser
2385, budgetter
2386, budgetteret
2387, budgetterne
2388, budgettet
2389, budolfi
2390, budskab
2391, budskaber
2392, budskabet
2393, budt
2394, bue
2395, buenos
2396, buffer
2397, bugner
2398, bugt
2399, bugten
2400, buhelt
2401, buket
2402, bukh
2403, bukser
2404, bukserne
2405, bulbjerg
2406, buldrer
2407, buler
2408, bulgarien
2409, bulter
2410, bump
2411, bund
2412, bunden
2413, bundesligaen
2414, bundgaard
2415, bundhold
2416, bundholdet
2417, bundlinje
2418, bundlinjen
2419, bundlinjer
2420, bunds
2421, bundsgaard
2422, bunke
2423, bunkere
2424, bupl
2425, burde
2426, bureauer
2427, bureauet
2428, bureaukrati
2429, bureaukratiet
2430, bureaukratisk
2431, burger
2432, burgere
2433, burkaforbud
2434, bus
2435, buschauffør
2436, busk
2437, buske
2438, busken
2439, buskørsel
2440, busselskab
2441, bussen
2442, busser
2443, busserne
2444, buster
2445, bustransport
2446, bustur
2447, busture
2448, butik
2449, butikken
2450, butikkens
2451, butikker
2452, butikkerne
2453, butikschef
2454, butikshylder
2455, butikstyveri
2456, butterfly
2457, buus
2458, by
2459, bybilledet
2460, bybus
2461, bybusserne
2462, byde
2463, bydel
2464, bydele
2465, byder
2466, bydes
2467, byen
2468, byens
2469, byer
2470, byerne
2471, byernes
2472, byfest
2473, byfesten
2474, byfornyelse
2475, byg
2476, bygaden
2477, byger
2478, bygge
2479, byggebranchen
2480, byggede
2481, byggefelter
2482, byggefirmaet
2483, byggegrund
2484, byggegrunde
2485, byggemarked
2486, byggematerialer
2487, byggeplads
2488, byggepladsen
2489, byggeplaner
2490, byggeplanerne
2491, byggeprocessen
2492, byggeprojekt
2493, byggeprojekter
2494, byggeprojektet
2495, bygger
2496, byggeri
2497, byggerier
2498, byggeriet
2499, bygges
2500, byggesager
2501, byggesektoren
2502, bygget
2503, byggetilladelse
2504, bygherre
2505, bygherren
2506, bygherrer
2507, bygning
2508, bygningen
2509, bygningens
2510, bygninger
2511, bygningerne
2512, bygnings
2513, bymarkskolen
2514, bymidte
2515, bymidten
2516, bymæssig
2517, byområder
2518, bypark
2519, byparken
2520, byplanlægning
2521, byrde
2522, byret
2523, byrettens
2524, byrum
2525, byråd
2526, byrådene
2527, byrådet
2528, byrådets
2529, byråds
2530, byrådsarbejdet
2531, byrådsflertal
2532, byrådskandidat
2533, byrådskandidater
2534, byrådskandidaterne
2535, byrådsmedlem
2536, byrådsmedlemmer
2537, byrådsmedlemmerne
2538, byrådsmedlemmet
2539, byrådsmøde
2540, byrådsmøder
2541, byrådsmødet
2542, byrådsperiode
2543, byrådspolitiker
2544, byrådspolitikere
2545, byrådspolitikerne
2546, byrådssal
2547, byrådssalen
2548, byrådsvalget
2549, bys
2550, bysamfund
2551, bytte
2552, bytter
2553, byttet
2554, bytur
2555, byudvikling
2556, byudviklingen
2557, byvandring
2558, båd
2559, både
2560, båden
2561, bådene
2562, bådens
2563, bål
2564, bålet
2565, bånd
2566, båret
2567, bægeret
2568, bæk
2569, bækgaard
2570, bækken
2571, bælte
2572, bælum
2573, bænk
2574, bænke
2575, bænken
2576, bær
2577, bærbar
2578, bærbare
2579, bære
2580, bæredygtig
2581, bæredygtige
2582, bæredygtighed
2583, bæredygtigt
2584, bærende
2585, bærer
2586, bæres
2587, bød
2588, bøde
2589, bøden
2590, bøder
2591, bøf
2592, bøffer
2593, bøge
2594, bøger
2595, bøgerne
2596, bøgh
2597, bøje
2598, bøjede
2599, bøjet
2600, bølge
2601, bølgen
2602, bølger
2603, bølgerne
2604, bøn
2605, bønder
2606, bønner
2607, bønsing
2608, bør
2609, børge
2610, børglum
2611, børn
2612, børne
2613, børneaktiviteter
2614, børnebøger
2615, børnebørn
2616, børnebørnene
2617, børnecenter
2618, børnecheck
2619, børnechecken
2620, børnefamilie
2621, børnefamilier
2622, børnefamilierne
2623, børnehave
2624, børnehavebørn
2625, børnehaven
2626, børnehaver
2627, børnehaverne
2628, børnehjem
2629, børnehjemmet
2630, børnehus
2631, børnehuset
2632, børnehøjde
2633, børnekor
2634, børneliv
2635, børnene
2636, børnenes
2637, børneområdet
2638, børnepasning
2639, børnepenge
2640, børneporno
2641, børnesygdomme
2642, børnetallet
2643, børns
2644, børs
2645, børsen
2646, børsnoteret
2647, børsnotering
2648, børsnoteringen
2649, børste
2650, børsting
2651, bøsser
2652, bøvl
2653, bøvlet
2654, cadeau
2655, cafeen
2656, cafeer
2657, calh
2658, california
2659, cambrils
2660, cameron
2661, cameroun
2662, camilla
2663, campbell
2664, campen
2665, campingplads
2666, campingpladsen
2667, campingpladser
2668, campingvogn
2669, campingvogne
2670, campingvognen
2671, campister
2672, canadisk
2673, canadiske
2674, canaveral
2675, cancer
2676, cannabisolie
2677, caracas
2678, carbofouran
2679, caribien
2680, caribiske
2681, carlos
2682, carlsberg
2683, carlsen
2684, carpark
2685, carporten
2686, carsten
2687, carstensen
2688, carøe
2689, caspar
2690, casper
2691, catala
2692, catalansk
2693, catalanske
2694, catalonien
2695, cataloniens
2696, cataloniere
2697, catalonierne
2698, catalonske
2699, cathrine
2700, cayman
2701, cbs
2702, cd
2703, cdu
2704, cecilia
2705, cecilie
2706, celle
2707, cellerne
2708, cello
2709, cement
2710, cementerede
2711, cementerer
2712, cementeret
2713, censorer
2714, censur
2715, centerchef
2716, centeret
2717, centerets
2718, centerleder
2719, centerpartiet
2720, centimeter
2721, central
2722, centralbank
2723, centralbanken
2724, centralforeningen
2725, centralisere
2726, centralisering
2727, centralkomit
2728, centralregeringen
2729, centralt
2730, centrene
2731, centreret
2732, centret
2733, centrets
2734, ceremoni
2735, ceremonien
2736, certificeret
2737, certificering
2738, cfcs
2739, champagnesabling
2740, chance
2741, chancen
2742, chancer
2743, chancerne
2744, chanette
2745, charlie
2746, charlottenlund
2747, charlottesville
2748, charme
2749, charmerende
2750, chauffør
2751, chaufføren
2752, chauffører
2753, chaufførerne
2754, check
2755, chef
2756, chefen
2757, chefer
2758, chefforhandler
2759, chefkonsulent
2760, chefpolitiinspektør
2761, chefredaktør
2762, cheftalsmand
2763, cheftræner
2764, cheftræneren
2765, cheføkonom
2766, chelsea
2767, chemnitz
2768, chicago
2769, chikane
2770, chikanen
2771, chikaneret
2772, chili
2773, chips
2774, chloridazon
2775, chok
2776, chokerede
2777, chokerende
2778, chokeret
2779, chokolade
2780, chr
2781, chris
2782, christensen
2783, christensens
2784, christiania
2785, christians
2786, christiansborg
2787, christiansen
2788, christiansgave
2789, christina
2790, christine
2791, christinna
2792, christmas
2793, christoffer
2794, christoffersen
2795, christopher
2796, cifrene
2797, cigaret
2798, cigaretter
2799, cirka
2800, cirkel
2801, cirkulær
2802, citat
2803, citater
2804, citerede
2805, citerer
2806, citeret
2807, citybus
2808, civil
2809, civile
2810, civilingeniør
2811, civilsamfundet
2812, civilt
2813, ck
2814, clark
2815, claumarch
2816, clausen
2817, clinton
2818, clintons
2819, clj
2820, cnn
2821, codan
2822, cognac
2823, collomb
2824, colombia
2825, columbia
2826, comey
2827, computer
2828, computerne
2829, computerspil
2830, comwell
2831, containere
2832, containerne
2833, copenhagen
2834, cornelius
2835, cowboybukser
2836, cowi
2837, cpr
2838, creme
2839, csu
2840, cuppen
2841, cuttet
2842, cyberangreb
2843, cybersikkerhed
2844, cykel
2845, cykelhold
2846, cykelløb
2847, cykelløbet
2848, cykelrytter
2849, cykelsti
2850, cykelstien
2851, cykelstier
2852, cykeltur
2853, cykle
2854, cyklede
2855, cyklen
2856, cyklende
2857, cykler
2858, cyklerne
2859, cykles
2860, cyklet
2861, cykling
2862, cyklist
2863, cyklisten
2864, cyklister
2865, cyklisterne
2866, cypern
2867, cyril
2868, dag
2869, dagbladet
2870, dagbøder
2871, dage
2872, dagen
2873, dagene
2874, dages
2875, daginstitution
2876, daginstitutioner
2877, daginstitutionerne
2878, daglig
2879, dagligdag
2880, dagligdagen
2881, daglige
2882, dagligt
2883, dagligvarebutik
2884, dagligvarebutikker
2885, dagligvareforretninger
2886, dagpenge
2887, dagpleje
2888, dagplejen
2889, dagplejer
2890, dagplejere
2891, dags
2892, dagtilbud
2893, dagtilbudsområdet
2894, dagtimerne
2895, dahl
2896, dahlgaard
2897, dahls
2898, dal
2899, dale
2900, dalen
2901, dalende
2902, dalgaard
2903, dallas
2904, dalsgaard
2905, dam
2906, damaskus
2907, damborg
2908, dame
2909, damedouble
2910, damer
2911, damerne
2912, damernes
2913, damesingle
2914, damgaard
2915, damp
2916, damsgaard
2917, danflix
2918, dania
2919, daniels
2920, danielsen
2921, dankort
2922, dankortet
2923, danmark
2924, danmarks
2925, danmarksgade
2926, danmarkshistorie
2927, danmarkshistorien
2928, danmarkshistoriens
2929, danmarkskortet
2930, danmarksmester
2931, danmarksmesterskaberne
2932, danmarksmesterskabet
2933, danmarksserien
2934, danmarksturn
2935, dannebrog
2936, dannebrogordenen
2937, dannebrogsgade
2938, dannede
2939, dannelse
2940, dannelsen
2941, danner
2942, dannes
2943, dannet
2944, danny
2945, dans
2946, danse
2947, danseaften
2948, dansede
2949, dansegulvet
2950, dansen
2951, danser
2952, dansere
2953, danses
2954, danset
2955, dansk
2956, danske
2957, dansker
2958, danskere
2959, danskeren
2960, danskerens
2961, danskeres
2962, danskerne
2963, danskernes
2964, danskundervisning
2965, danva
2966, das
2967, data
2968, database
2969, datacenter
2970, datacentre
2971, dataproces
2972, datatilsynet
2973, date
2974, datidens
2975, dato
2976, datoen
2977, datoer
2978, datter
2979, datteren
2980, datterselskab
2981, datterselskaber
2982, datterselskabet
2983, dav
2984, david
2985, davidsen
2986, davis
2987, daværende
2988, dbu
2989, dc
2990, ddeutsche
2991, ddr
2992, debat
2993, debatindlæg
2994, debatindlægget
2995, debatmøde
2996, debatsiderne
2997, debatterer
2998, debatteres
2999, debatteret
3000, debattør
3001, debattører
3002, debut
3003, debutanter
3004, debuten
3005, debuterede
3006, debuterer
3007, december
3008, decentral
3009, decentrale
3010, decentralt
3011, deciderede
3012, decideret
3013, dedikerede
3014, dedikeret
3015, defekt
3016, defensiven
3017, defensivt
3018, definere
3019, defineres
3020, definitionen
3021, definitivt
3022, degn
3023, dejlig
3024, dejlige
3025, dejligt
3026, dekorationer
3027, dekret
3028, del
3029, delaney
3030, dele
3031, delegerede
3032, delen
3033, delene
3034, deler
3035, deles
3036, delhi
3037, delingen
3038, delmål
3039, deloitte
3040, dels
3041, delse
3042, delstat
3043, delstaten
3044, delstater
3045, delstatsvalg
3046, delt
3047, deltag
3048, deltage
3049, deltagelse
3050, deltagelsen
3051, deltagende
3052, deltager
3053, deltagerantallet
3054, deltagere
3055, deltagerne
3056, deltagernes
3057, deltaget
3058, delte
3059, deltidsbrandmand
3060, deltog
3061, delvise
3062, delvist
3063, demenssygdom
3064, demokraterne
3065, demokraternes
3066, demokrati
3067, demokratiets
3068, demokratisk
3069, demokratiske
3070, demonstranter
3071, demonstranterne
3072, demonstration
3073, demonstrationen
3074, demonstrationer
3075, demonstrationerne
3076, demonstrere
3077, demonstrerede
3078, demonstrerer
3079, demonstreret
3080, dencker
3081, denmark
3082, dennes
3083, dennis
3084, denpasar
3085, dens
3086, depot
3087, depression
3088, deraf
3089, derefter
3090, derfor
3091, derfra
3092, derhen
3093, derhjemme
3094, deriblandt
3095, derigennem
3096, derimod
3097, derind
3098, derinde
3099, derned
3100, dernede
3101, dernæst
3102, derop
3103, deroppe
3104, derover
3105, derovre
3106, derpå
3107, dertil
3108, derud
3109, derudad
3110, derudaf
3111, derude
3112, derudover
3113, derved
3114, des
3115, designede
3116, designere
3117, designeren
3118, designermøbler
3119, designerstole
3120, desperat
3121, desperate
3122, desperation
3123, dessert
3124, destabilisere
3125, destinationen
3126, destinationer
3127, desto
3128, destrueret
3129, destruktive
3130, desuden
3131, desværre
3132, detailhandlen
3133, detalje
3134, detaljen
3135, detaljer
3136, detaljerede
3137, detaljeret
3138, detaljerne
3139, detentionen
3140, dets
3141, deutsche
3142, deutschland
3143, df
3144, dgi
3145, dhabi
3146, diabetesforeningen
3147, diabetikere
3148, diagnose
3149, diagnosen
3150, diagnoser
3151, diagnosticere
3152, diagnosticeret
3153, dialekt
3154, dialogmøde
3155, diamant
3156, diameter
3157, dianas
3158, diarr
3159, die
3160, dieselbiler
3161, differentiere
3162, differentierede
3163, dige
3164, diger
3165, digitaliseret
3166, digitaliseringen
3167, digt
3168, digte
3169, digter
3170, digtere
3171, digteren
3172, diktatur
3173, dikterer
3174, dilemmaer
3175, dine
3176, dinesen
3177, diplom
3178, diplomat
3179, diplomater
3180, diplomati
3181, direkte
3182, direktionen
3183, direktør
3184, direktørens
3185, direktører
3186, dirigent
3187, disciplin
3188, disciplinen
3189, discipliner
3190, diskotek
3191, diskret
3192, diskrimination
3193, diskrimineret
3194, diskussion
3195, diskussionen
3196, diskussioner
3197, diskutere
3198, diskuterede
3199, diskuterer
3200, diskuteres
3201, diskuteret
3202, disney
3203, dispensationer
3204, disponere
3205, disponeret
3206, dispositioner
3207, distance
3208, distancen
3209, distancer
3210, distribution
3211, distrikt
3212, distrikter
3213, dit
3214, ditlev
3215, ditte
3216, diverse
3217, division
3218, divisionen
3219, divisionshold
3220, divisionsholdet
3221, diætist
3222, djursland
3223, djøf
3224, dlg
