0,aa
1,aage
2,aal
3,aars
4,aase
5,abadi
6,abba
7,abbas
8,abel
9,abonnenter
10,absolut
11,absolutte
12,abstrakte
13,abu
14,ac
15,academy
16,acceleration
17,accept
18,act
19,action
20,adam
21,adm
22,administration
23,administrativ
24,administrative
25,administrativt
26,administrere
27,adoptere
28,adopteret
29,advanced
30,adventure
31,advokatfirma
32,advokatfirmaet
33,affairs
34,affære
35,afghansk
36,afghanske
37,afrika
38,afrikanske
39,afslag
40,afstemt
41,ag
42,agenda
43,agger
44,aggressive
45,aggressivt
46,agri
47,agung
48,aha
49,aids
50,air
51,airbags
52,airbus
53,aires
54,ajax
55,ak
56,akademiet
57,akrobatik
58,aktive
59,aktiver
60,aktivere
61,aktiveret
62,aktiviteten
63,aktiviteter
64,aktivt
65,aktuelle
66,aktuelt
67,aktør
68,aku
69,akustisk
70,akustiske
71,akut
72,akutbil
73,akutte
74,alabama
75,alarm
76,alarmen
77,alarmer
78,alarmere
79,alarmerende
80,alarmeret
81,alaska
82,aldeles
83,alderdom
84,alderdommen
85,aldersgruppe
86,aldersgrupper
87,aldi
88,aldrende
89,alene
90,alexander
91,alfa
92,alger
93,ali
94,alias
95,alibi
96,alice
97,alive
98,alka
99,all
100,allan
101,aller
102,allergi
103,alles
104,alliance
105,alliancer
106,alliances
107,alm
108,alma
109,als
110,alternative
111,alternativer
112,alternativet
113,alternativt
114,altså
115,am
116,amanda
117,amazon
118,ambu
119,ambulance
120,ambulant
121,ambulante
122,ambulatorium
123,american
124,amerika
125,amfetamin
126,ammunition
127,amnesty
128,amputeret
129,amu
130,ana
131,analyse
132,analysen
133,analyser
134,analyseret
135,analytiker
136,anbefaling
137,anc
138,andel
139,andelen
140,anders
141,andrea
142,android
143,andy
144,anekdoter
145,angav
146,angel
147,angels
148,angiver
149,angola
150,animation
151,ankara
152,ankomsten
153,anlagt
154,anmelde
155,anmoder
156,anmodet
157,anmodning
158,ann
159,anna
160,anne
161,anni
162,anno
163,annonce
164,annoncer
165,anonyme
166,anonymt
167,anses
168,anskaffe
169,anslag
170,anslår
171,anslås
172,ant
173,anti
174,antikviteter
175,antropolog
176,anvende
177,anvendelse
178,anvise
179,ap
180,apollo
181,appel
182,appen
183,apple
184,apples
185,apps
186,aqua
187,arden
188,are
189,arena
190,arenaen
191,argentina
192,argentinske
193,argumentation
194,argumenter
195,argumenteret
196,argumentet
197,arkaden
198,arkitektonisk
199,arkitektoniske
200,arktiske
201,armbånd
202,army
203,aron
204,aros
205,arr
206,arrangementet
207,arresten
208,arriva
209,arsa
210,arsenal
211,artist
212,artister
213,aru
214,arvtager
215,asfalten
216,asiatisk
217,asiatiske
218,asien
219,aspekter
220,assassin
221,assist
222,assistance
223,assistenter
224,asta
225,astana
226,astman
227,atelier
228,atlas
229,atletik
230,atomic
231,atomkrig
232,att
233,attentatet
234,attitude
235,attraktion
236,attraktiv
237,attraktive
238,attraktivt
239,au
240,audi
241,augusta
242,auken
243,australian
244,australien
245,australske
246,autentiske
247,auto
248,automaten
249,automater
250,automatik
251,automatiseret
252,automatisering
253,automatiske
254,autonome
255,autoriseret
256,avancement
257,award
258,awards
259,away
260,axel
261,ayatollah
262,bach
263,back
264,backen
265,backup
266,baden
267,bagge
268,bagger
269,bagi
270,bak
271,bal
272,balance
273,bali
274,balkan
275,ballast
276,balle
277,ballerina
278,ballistisk
279,ballistiske
280,baltiske
281,banal
282,banale
283,banden
284,bander
285,bandidos
286,banen
287,baner
288,bang
289,banko
290,banner
291,baptistkirke
292,barack
293,barbara
294,barren
295,barriere
296,barrieren
297,barske
298,bas
299,basal
300,basale
301,basen
302,baser
303,basse
304,bassiner
305,bassinet
306,bassist
307,bastion
308,batter
309,bay
310,bayerske
311,bazar
312,bbc
313,be
314,beach
315,beata
316,beboer
317,beboet
318,bebyggelse
319,bech
320,beck
321,bedrageri
322,bedrifter
323,bedtime
324,bedømme
325,bedøvelse
326,beer
327,befolket
328,befri
329,begav
330,begrave
331,begraves
332,begravet
333,begå
334,begår
335,behag
336,behagelig
337,behandling
338,behandlingen
339,bekymre
340,bekymret
341,bel
342,belagt
343,belastende
344,belaster
345,belastet
346,belastning
347,belastningen
348,belgiske
349,beliggende
350,belønne
351,belønning
352,bemande
353,bender
354,benjamin
355,benny
356,bent
357,beordre
358,beregne
359,beregning
360,berg
361,bergen
362,bergmann
363,berit
364,berlin
365,bermuda
366,bero
367,beroligende
368,bertram
369,berømte
370,beskrives
371,beskytte
372,beskyttende
373,beskyttet
374,beslag
375,besparelse
376,best
377,bestemmelse
378,bestige
379,bestilling
380,bestod
381,bestride
382,består
383,betegne
384,betina
385,betjene
386,betjening
387,bette
388,betty
389,betydelig
390,bevilge
391,bevilling
392,bidrog
393,biffen
394,big
395,bike
396,bilaterale
397,bilbombe
398,bild
399,bilde
400,bilder
401,bill
402,billedkunst
403,billigste
404,bin
405,bind
406,bindende
407,binder
408,bing
409,biodiversitet
410,biogas
411,biolog
412,biologen
413,biologisk
414,biologiske
415,biomasse
416,bioscience
417,birch
418,birdies
419,birk
420,bisschop
421,bistand
422,bistå
423,bitre
424,bitte
425,bittert
426,bk
427,bla
428,blach
429,black
430,blade
431,blanc
432,blandes
433,blankt
434,blinde
435,blixt
436,blodforgiftning
437,blodige
438,blodproppen
439,blodprøve
440,blodprøver
441,blodsukker
442,blomstrende
443,blonde
444,blue
445,bluetooth
446,blume
447,blyant
448,blødning
449,board
450,bob
451,boble
452,bobler
453,bocian
454,bock
455,bodyguard
456,boe
457,boel
458,boende
459,boje
460,boko
461,boks
462,bokse
463,boksen
464,bokser
465,boligområde
466,bombefly
467,bond
468,bondo
469,bonn
470,booke
471,booker
472,booking
473,boom
474,boost
475,bordene
476,bords
477,bore
478,borgerlig
479,boris
480,bosatte
481,bosnien
482,bosnisk
483,bosniske
484,boss
485,bosted
486,boston
487,box
488,boye
489,boys
490,br
491,brancher
492,branding
493,brandon
494,bravo
495,breakfast
496,breaking
497,breder
498,bremse
499,bremsen
500,bremser
501,bremset
502,brest
503,brexit
504,brian
505,brigade
506,brigaden
507,brink
508,briten
509,british
510,britt
511,brok
512,bromer
513,brown
514,bruce
515,bruno
516,brunt
517,brutalitet
518,brutalt
519,bruun
520,buch
521,buddhistiske
522,buddy
523,buffet
524,bugge
525,bukke
526,bull
527,bum
528,bunder
529,bundet
530,bunken
531,bunker
532,bunkeren
533,bunkers
534,bureau
535,burka
536,burkaer
537,bush
538,business
539,bydelen
540,bygden
541,byretten
542,bås
543,bæreevne
544,ca
545,cabaret
546,caf
547,cafe
548,cafeteria
549,calais
550,californien
551,callas
552,camp
553,camping
554,campus
555,can
556,canada
557,canaria
558,cand
559,cannabis
560,cape
561,captain
562,car
563,care
564,carl
565,carles
566,carolina
567,caroline
568,carport
569,carter
570,case
571,cc
572,ce
573,cellen
574,celler
575,celsius
576,center
577,centers
578,centimeters
579,centrale
580,centre
581,centrum
582,century
583,cepos
584,ch
585,challenge
586,champagne
587,champions
588,championship
589,champs
590,chan
591,change
592,charles
593,charlotte
594,chile
595,china
596,chip
597,christen
598,christian
599,cia
600,cifre
601,circle
602,cirkus
603,citro
604,city
605,cl
606,clara
607,classic
608,claude
609,claus
610,clement
611,cloud
612,club
613,cm
614,co
615,cocktail
616,cold
617,college
618,colombianske
619,colorado
620,com
621,comeback
622,comedy
623,company
624,competition
625,computere
626,computeren
627,con
628,congo
629,connie
630,conny
631,container
632,containeren
633,control
634,cookies
635,cool
636,coop
637,coops
638,cop
639,costa
640,council
641,counter
642,country
643,county
644,coup
645,cour
646,cowboys
647,cox
648,craig
649,crisis
650,cristiano
651,croix
652,cross
653,crossover
654,crown
655,cruise
656,cs
657,cuba
658,cubanske
659,cubas
660,cup
661,cv
662,cyberspace
663,dagblad
664,dagens
665,dagevis
666,dagli
667,dagsorden
668,dagsordenen
669,dahlin
670,daily
671,dali
672,dall
673,damm
674,dan
675,dana
676,dance
677,daniel
678,danish
679,danne
680,dark
681,darling
682,dateret
683,day
684,days
685,db
686,deadline
687,dean
688,death
689,debatten
690,debatter
691,debattere
692,debutant
693,debutanten
694,defekte
695,defensiv
696,defensive
697,definerer
698,defineret
699,definition
700,deir
701,delegation
702,delikatesse
703,delikatesser
704,deling
705,deltid
706,delvis
707,demens
708,dement
709,demente
710,demografiske
711,demokrat
712,demokraten
713,demokrater
714,demokratiet
715,dende
716,dene
717,deng
718,dengang
719,deniz
720,departementet
721,dermed
722,design
723,designe
724,designer
725,designet
726,destination
727,detailhandel
728,development
729,dh
730,dhaka
731,di
732,diabetes
733,dialog
734,dialogen
735,diana
736,dicte
737,diego
738,diesel
739,dif
740,digital
741,digitale
742,digitalisering
743,digitalt
744,diis
745,diktator
746,diktatoren
747,dilemma
748,dimension
749,dimensioner
750,diplomatisk
751,diplomatiske
752,director
753,direktion
754,direktiv
755,direktivet
756,direktøren
757,dirigenten
758,dirigere
759,discovery
760,disken
761,diskrete
762,diskriminerende
763,dispensation
764,dispensere
765,disponible
766,dissing
767,distriktet
768,ditto
769,div
770,diva
771,divisions
772,dj
773,dk
774,dl
775,dm
776,dn
777,dna
778,do
779,dokumentar
780,dokumentaren
781,dokumentation
782,dokumentere
783,dominans
784,dominere
785,dominerende
786,dominikanske
787,don
788,dong
789,doping
790,dorf
791,doris
792,dosis
793,double
794,doug
795,dover
796,down
797,dr
798,drag
799,draget
800,drama
801,dramaet
802,dramatik
803,dramatikken
804,dramatisk
805,dramatiske
806,drastisk
807,drastiske
808,dre
809,dream
810,driften
811,drifts
812,driver
813,drives
814,drivhuset
815,drivkraft
816,drone
817,dronen
818,droner
819,drop
820,droppe
821,dropper
822,droppes
823,droppet
824,dræn
825,ds
826,duda
827,duet
828,duften
829,dufter
830,dumme
831,dumper
832,dumpet
833,duo
834,duoen
835,dup
836,dvs
837,dyk
838,dykke
839,dykker
840,dynamic
841,dynamik
842,dynamisk
843,dynamiske
844,dyrearter
845,dyrehold
846,dyreliv
847,dystre
848,dådyr
849,dødsulykke
850,dømt
851,døve
852,earth
853,economic
854,economics
855,edgar
856,effekten
857,effekter
858,effektive
859,effektivisere
860,effektivitet
861,effektiviteten
862,effektivt
863,efterlyst
864,eftersom
865,egenkapital
866,egnet
867,ego
868,egoistisk
869,egon
870,egyptisk
871,egyptiske
872,eh
873,einar
874,einstein
875,ekko
876,eksakte
877,eksil
878,eksisterende
879,eksisterer
880,eksklusiv
881,eksklusive
882,eksperiment
883,eksperimenter
884,eksperimentere
885,eksperimentet
886,ekspert
887,eksperten
888,eksploderer
889,eksplosiv
890,eksponering
891,eksport
892,eksporten
893,eksportere
894,ekstraordinære
895,ekstraordinært
896,ekstreme
897,elbil
898,electric
899,elegance
900,elektronik
901,elektronikken
902,eliminere
903,elisa
904,elite
905,ella
906,ellers
907,elmotor
908,else
909,em
910,ema
911,emeritus
912,emma
913,emmer
914,emmy
915,emoji
916,empati
917,endog
918,energi
919,energien
920,energy
921,enestående
922,engagement
923,engineering
924,english
925,enkel
926,enkelt
927,enkelte
928,enkeltstående
929,enkeltvis
930,enklave
931,enkle
932,enorme
933,enormt
934,ensemble
935,ensemblet
936,enstemmig
937,entertainer
938,entreprenør
939,entreprenøren
940,entusiasme
941,entusiaster
942,entusiastiske
943,ep
944,episode
945,episoden
946,episoder
947,eren
948,erfaring
949,erfarne
950,eric
951,erik
952,eritrea
953,erna
954,erne
955,ernes
956,ernst
957,ernæring
958,erobrer
959,erobret
960,erosion
961,erstattet
962,eskalere
963,essensen
964,estiske
965,etablering
966,etableringen
967,etc
968,etik
969,etisk
970,etiske
971,etniske
972,eu
973,european
974,eux
975,eva
976,evakuering
977,evaluering
978,evangelisk
979,events
980,eventuelle
981,eventuelt
982,evidens
983,evige
984,exit
985,express
986,fa
987,faber
988,fabrikanter
989,fabrikken
990,facebook
991,facto
992,factor
993,fagfolk
994,faglig
995,fair
996,fake
997,faktor
998,faktorer
999,fallit
1000,falske
1001,fame
1002,fami
1003,familia
1004,familiemedlem
1005,familiemedlemmer
1006,fan
1007,fanen
1008,fanget
1009,fangst
1010,fans
1011,fantastiske
1012,farlige
1013,farligt
1014,fascination
1015,fase
1016,faser
1017,fastlagt
1018,fastland
1019,fastlandet
1020,fastslå
1021,fat
1022,fatalt
1023,fatte
1024,fattige
1025,fauna
1026,fejet
1027,felix
1028,fellow
1029,fema
1030,femtedel
1031,fer
1032,ferieby
1033,feriebyen
1034,feriested
1035,fersk
1036,feste
1037,festival
1038,festivalen
1039,festivaler
1040,festivals
1041,festlig
1042,ff
1043,ffi
1044,fi
1045,fiasko
1046,fiat
1047,fiction
1048,fidus
1049,fie
1050,fight
1051,filer
1052,filippinske
1053,filme
1054,filmer
1055,filmet
1056,final
1057,finale
1058,finalen
1059,finaler
1060,financial
1061,finansiering
1062,finansieringen
1063,finanskrise
1064,finanskrisen
1065,finansminister
1066,finansministeren
1067,fink
1068,finn
1069,finske
1070,firkløver
1071,firma
1072,firmaet
1073,first
1074,fischer
1075,fiskeindustrien
1076,fiskeri
1077,fiskeriet
1078,fiskes
1079,fit
1080,fitness
1081,fix
1082,fjerne
1083,fjernt
1084,fjernvarme
1085,fjernvarmen
1086,fk
1087,fl
1088,flair
1089,flammer
1090,flatterende
1091,fleksibel
1092,fleksibelt
1093,fleksibilitet
1094,fleksible
1095,flex
1096,flint
1097,flis
1098,fliser
1099,flittig
1100,flittige
1101,flodbølge
1102,flok
1103,flokke
1104,flokken
1105,floorball
1106,flores
1107,florida
1108,flot
1109,flotte
1110,flottere
1111,flotteste
1112,flow
1113,flø
1114,fn
1115,foa
1116,fode
1117,fokus
1118,folke
1119,folkefest
1120,folkelig
1121,folkeslag
1122,folkestyre
1123,fonde
1124,food
1125,foran
1126,forandring
1127,forbedret
1128,forberede
1129,forberedelse
1130,forberedende
1131,forbipasserende
1132,forbund
1133,force
1134,ford
1135,fordeling
1136,fordoble
1137,fordømme
1138,fore
1139,forebygge
1140,forebyggende
1141,foredrag
1142,foredraget
1143,foredragsholder
1144,foregangsland
1145,foregående
1146,forekomst
1147,foreligge
1148,forene
1149,forenet
1150,forenkling
1151,forestille
1152,forestilling
1153,forestå
1154,forestående
1155,forfriskning
1156,forfølge
1157,forgifte
1158,forgiftning
1159,forhandle
1160,forhandler
1161,forhandling
1162,forhandlingsbordet
1163,forholde
1164,forholdsvis
1165,forhånd
1166,forklaring
1167,forlag
1168,forlaget
1169,formalia
1170,format
1171,formelle
1172,formelt
1173,formidabel
1174,formulering
1175,formuleringen
1176,fornuftige
1177,forordning
1178,forretning
1179,forretningsfolk
1180,forsamling
1181,forside
1182,forsikre
1183,forskningsminister
1184,forslaget
1185,forstad
1186,forstaden
1187,forståelse
1188,forsvare
1189,forsvarer
1190,forsvaret
1191,forsvarlig
1192,forsvarsspiller
1193,forsyning
1194,forsømt
1195,fortid
1196,fortuna
1197,forum
1198,forunderlig
1199,forundring
1200,forvalte
1201,forvaltning
1202,forvandle
1203,forveksling
1204,forvirrende
1205,fossile
1206,fotografier
1207,foundation
1208,four
1209,fox
1210,foyer
1211,fp
1212,fr
1213,fran
1214,france
1215,frank
1216,frankfurt
1217,frans
1218,franske
1219,freds
1220,fredsbevarende
1221,fredspris
1222,free
1223,freedom
1224,freja
1225,fremdrift
1226,fremfor
1227,fremføre
1228,fremgå
1229,fremme
1230,fremover
1231,fremstille
1232,fremstå
1233,fremtidig
1234,french
1235,frida
1236,friends
1237,frigjort
1238,frihandel
1239,frikirke
1240,friluftsliv
1241,friske
1242,friskt
1243,frispark
1244,fristen
1245,fristende
1246,fritid
1247,fritiden
1248,fritids
1249,frits
1250,fritz
1251,frode
1252,frodige
1253,front
1254,fronten
1255,fronter
1256,frysepunktet
1257,fs
1258,full
1259,fun
1260,fundament
1261,fundamentalt
1262,fundamentet
1263,fundraising
1264,fur
1265,fusion
1266,fusionen
1267,fusk
1268,fusket
1269,future
1270,fyens
1271,fyldig
1272,fyn
1273,fysiske
1274,føles
1275,følg
1276,følgende
1277,førstedame
1278,gaarde
1279,galla
1280,gallerier
1281,galleriet
1282,gallup
1283,galt
1284,game
1285,games
1286,gammeldags
1287,ganen
1288,ganske
1289,garant
1290,garantere
1291,garanti
1292,garantien
1293,garantier
1294,gard
1295,garderobe
1296,gas
1297,gasolin
1298,gassen
1299,gasser
1300,gates
1301,gavekort
1302,gaza
1303,ge
1304,gear
1305,gede
1306,geir
1307,generaldirektør
1308,generalforsamling
1309,generalmajor
1310,generationer
1311,generator
1312,genetisk
1313,genetiske
1314,genial
1315,geniale
1316,genren
1317,genrer
1318,geografiske
1319,geologisk
1320,geologiske
1321,georgia
1322,ger
1323,gere
1324,germain
1325,gert
1326,get
1327,geus
1328,gevær
1329,geværet
1330,ghana
1331,gi
1332,giftige
1333,giganten
1334,giganter
1335,gigantisk
1336,gigantiske
1337,gimi
1338,gin
1339,girl
1340,girls
1341,girona
1342,gitta
1343,gitte
1344,gjaldt
1345,gjerding
1346,glade
1347,gled
1348,glenn
1349,glide
1350,glider
1351,glimrende
1352,glip
1353,global
1354,globale
1355,globalt
1356,glødende
1357,gløder
1358,go
1359,gog
1360,golden
1361,golding
1362,golf
1363,golfbanen
1364,golfen
1365,gorm
1366,gospel
1367,gourmet
1368,grace
1369,grader
1370,graders
1371,gradvis
1372,grafik
1373,grafisk
1374,gran
1375,grand
1376,grant
1377,great
1378,greatest
1379,greb
1380,grill
1381,grille
1382,grillen
1383,grillet
1384,grith
1385,gro
1386,gror
1387,group
1388,grundige
1389,gruppering
1390,gry
1391,gråt
1392,grøfter
1393,grønlandske
1394,gt
1395,gu
1396,guardian
1397,gudni
1398,gug
1399,guide
1400,guiden
1401,guider
1402,guidet
1403,gun
1404,gunstig
1405,gunstige
1406,guru
1407,gyldige
1408,gynger
1409,gys
1410,gyser
1411,haag
1412,hagler
1413,hak
1414,hakker
1415,hald
1416,halloween
1417,haltende
1418,halter
1419,halvdel
1420,halvdelen
1421,halvering
1422,halvmaraton
1423,halvår
1424,hamas
1425,hamle
1426,hamlet
1427,hammel
1428,handelen
1429,handelsminister
1430,handest
1431,handicap
1432,handles
1433,handlingen
1434,hanna
1435,hanne
1436,happy
1437,haram
1438,harder
1439,hariri
1440,harmonisk
1441,harris
1442,harry
1443,haste
1444,haster
1445,havana
1446,havne
1447,havneby
1448,havs
1449,havtorn
1450,hawks
1451,healthcare
1452,heart
1453,heat
1454,hebdo
1455,heftig
1456,heide
1457,hein
1458,heine
1459,hektisk
1460,hektiske
1461,helbrede
1462,heldige
1463,heldigvis
1464,helen
1465,helena
1466,helga
1467,helge
1468,helhjertet
1469,helle
1470,henhold
1471,henny
1472,henry
1473,hensyn
1474,hensynsløs
1475,hent
1476,hentes
1477,herbert
1478,heri
1479,herlig
1480,herredømmet
1481,herregård
1482,herskende
1483,hev
1484,hevet
1485,high
1486,hill
1487,hindring
1488,hist
1489,historikken
1490,historiske
1491,hitman
1492,hits
1493,hitter
1494,hiv
1495,hive
1496,hiver
1497,hjemmebane
1498,hjemmefra
1499,hjemmehørende
1500,hjemmekamp
1501,hjemmel
1502,hjemsende
1503,hjemsted
1504,hjernerystelse
1505,hjerneskade
1506,hjørnespark
1507,hm
1508,hockey
1509,holding
1510,holds
1511,holland
1512,hollandske
1513,holly
1514,holocaust
1515,holst
1516,holt
1517,holte
1518,home
1519,homecoming
1520,homoseksuelle
1521,honda
1522,hong
1523,honoraret
1524,hope
1525,horisonten
1526,horst
1527,hospice
1528,hot
1529,hotellet
1530,hotels
1531,hou
1532,houe
1533,house
1534,hove
1535,hovedkontor
1536,hp
1537,hr
1538,hult
1539,humanistiske
1540,humanitær
1541,humanitære
1542,humanitært
1543,humoristisk
1544,hune
1545,hurra
1546,husarrest
1547,husdyr
1548,huskes
1549,husstand
1550,hvass
1551,hverdag
1552,hvert
1553,hybrid
1554,hyre
1555,hyrer
1556,håndtere
1557,håndtering
1558,høres
1559,høyre
1560,ian
1561,ib
1562,iben
1563,ic
1564,ice
1565,ida
1566,ide
1567,ideal
1568,ideelle
1569,ideelt
1570,ideen
1571,identisk
1572,identiske
1573,ideologiske
1574,idylliske
1575,if
1576,igu
1577,ii
1578,iii
1579,ikon
1580,ikoniske
1581,illegale
1582,illum
1583,im
1584,image
1585,immigranter
1586,implementere
1587,import
1588,importere
1589,incitament
1590,independent
1591,indien
1592,indikator
1593,indikere
1594,indirekte
1595,individuel
1596,individuelle
1597,individuelt
1598,indonesiske
1599,industriel
1600,industrielle
1601,industries
1602,industriområde
1603,infektion
1604,inflation
1605,influenza
1606,info
1607,informeret
1608,infrastrukturen
1609,inge
1610,inger
1611,ingrediens
1612,ingredienser
1613,initiativ
1614,initiativet
1615,inklusive
1616,input
1617,insektmiddel
1618,inspektion
1619,inspektør
1620,inspiration
1621,inspirerende
1622,installation
1623,instans
1624,instanser
1625,institute
1626,instituttet
1627,instruktion
1628,instruktør
1629,instruktøren
1630,instrument
1631,instrumenter
1632,intakt
1633,intakte
1634,integration
1635,integrations
1636,integrationsminister
1637,integreres
1638,intellektuelle
1639,intelligence
1640,intens
1641,intense
1642,intensitet
1643,intensiv
1644,intensive
1645,intensivt
1646,intenst
1647,intention
1648,inter
1649,interiør
1650,internationale
1651,interview
1652,interviewe
1653,interviews
1654,intime
1655,intimt
1656,invasion
1657,invasiv
1658,inventar
1659,invest
1660,investering
1661,investeringen
1662,investor
1663,invitation
1664,inviterer
1665,involvere
1666,involverer
1667,ioc
1668,iom
1669,irakisk
1670,irakiske
1671,iranske
1672,irene
1673,irma
1674,ironisk
1675,irritation
1676,isabella
1677,ishockey
1678,islamist
1679,islamister
1680,islamistisk
1681,islams
1682,island
1683,islands
1684,isolation
1685,isolering
1686,israel
1687,israelske
1688,iss
1689,it
1690,italia
1691,italien
1692,iv
1693,ivan
1694,jack
1695,jacob
1696,jae
1697,jager
1698,jagerfly
1699,jakke
1700,jakker
1701,jam
1702,jamaica
1703,jan
1704,jane
1705,janne
1706,japan
1707,japans
1708,jarl
1709,jay
1710,jean
1711,jeans
1712,jedi
1713,jeff
1714,jeppe
1715,jerry
1716,jersey
1717,jes
1718,jess
1719,jette
1720,jim
1721,jimmy
1722,joan
1723,jobbet
1724,jobs
1725,joe
1726,joel
1727,johan
1728,johannes
1729,john
1730,johnny
1731,johnson
1732,joint
1733,jon
1734,jonathan
1735,jones
1736,jong
1737,jordan
1738,jordiske
1739,jordskred
1740,jos
1741,joseph
1742,journal
1743,journalen
1744,journaler
1745,jp
1746,jr
1747,juan
1748,jubel
1749,juel
1750,jugoslaviske
1751,juledag
1752,julemiddag
1753,julestemning
1754,juletid
1755,julia
1756,julie
1757,jung
1758,junior
1759,junk
1760,junker
1761,jur
1762,juridiske
1763,jury
1764,juryen
1765,just
1766,justering
1767,justice
1768,justitia
1769,jødiske
1770,ka
1771,kaas
1772,kabel
1773,kabinen
1774,kabul
1775,kai
1776,kalenderåret
1777,kaliber
1778,kalifat
1779,kalle
1780,kalorier
1781,kamera
1782,kameraet
1783,kamilla
1784,kampe
1785,kampen
1786,kampfly
1787,kandidaten
1788,kandidater
1789,kandidatur
1790,kane
1791,kano
1792,kantine
1793,kaotisk
1794,kaotiske
1795,kapacitet
1796,kapital
1797,kapre
1798,karakteristisk
1799,karakteristiske
1800,karen
1801,karina
1802,karriere
1803,karrieren
1804,katastrofal
1805,katastrofale
1806,katastrofalt
1807,katja
1808,katolsk
1809,katolske
1810,kay
1811,kb
1812,kd
1813,ke
1814,keeper
1815,keith
1816,kemisk
1817,ken
1818,kent
1819,kenyanske
1820,kernen
1821,keyboard
1822,kgs
1823,khan
1824,kia
1825,kick
1826,kiel
1827,kif
1828,kikkerten
1829,kilo
1830,kilometers
1831,kina
1832,kinas
1833,kinesiske
1834,king
1835,kingsman
1836,kino
1837,kinos
1838,kirk
1839,kirurgiske
1840,kjer
1841,kjær
1842,kk
1843,klagen
1844,klager
1845,klaget
1846,klang
1847,klarer
1848,klarere
1849,klares
1850,klart
1851,klassen
1852,klasser
1853,klassiske
1854,klatre
1855,klaveret
1856,klein
1857,klem
1858,klemt
1859,klienter
1860,klik
1861,klikke
1862,klim
1863,klimaet
1864,klinge
1865,klinger
1866,klinik
1867,klinikken
1868,klinisk
1869,kliniske
1870,kloakken
1871,klubs
1872,klump
1873,km
1874,knappe
1875,knapt
1876,knytte
1877,knytter
1878,koalitionsregering
1879,koble
1880,kode
1881,kodeks
1882,koden
1883,koder
1884,kognitive
1885,kokain
1886,kol
1887,kolera
1888,kollaps
1889,kollektiv
1890,kollektive
1891,kollektivt
1892,kollision
1893,kolossale
1894,kombination
1895,komet
1896,komfort
1897,komfortabel
1898,komfortabelt
1899,komfortable
1900,komik
1901,komit
1902,komiteen
1903,kommando
1904,kommende
1905,kommentator
1906,kommission
1907,kommunale
1908,kommunalt
1909,kommunistiske
1910,kommunistparti
1911,kommunistpartiet
1912,kompas
1913,kompensation
1914,kompetente
1915,komplekse
1916,komplekset
1917,komplekst
1918,komplette
1919,komponisten
1920,kompromisser
1921,kon
1922,koncern
1923,kondition
1924,kongefamilie
1925,kongefamilien
1926,kongehuset
1927,kongelig
1928,kongres
1929,kongressen
1930,konkurrent
1931,konkurrenten
1932,konkurrenter
1933,konkurrere
1934,konkurrerer
1935,konsekvent
1936,konservative
1937,konservativt
1938,konsortiet
1939,konsortium
1940,konstatere
1941,konstituerende
1942,konstruere
1943,konstruktiv
1944,konstruktive
1945,konstruktivt
1946,kontant
1947,kontante
1948,kontanter
1949,kontekst
1950,konti
1951,kontinentet
1952,kontingent
1953,kontoen
1954,kontra
1955,kontrabas
1956,kontrakt
1957,kontrakten
1958,kontrast
1959,kontrollere
1960,kontrollør
1961,kontroversielle
1962,kontroversielt
1963,konvertere
1964,koordinere
1965,koppel
1966,korea
1967,koreanske
1968,koreografi
1969,korrekte
1970,korrespondent
1971,korrupt
1972,korrupte
1973,kortslutning
1974,kortvarig
1975,kostbar
1976,kostbare
1977,kostbart
1978,koster
1979,kostet
1980,kraftig
1981,kraftige
1982,kraftigt
1983,krak
1984,kran
1985,krat
1986,kravet
1987,kreativ
1988,kreative
1989,kreativitet
1990,kreativiteten
1991,kreativt
1992,kredit
1993,kreditkort
1994,krik
1995,krim
1996,krimi
1997,kriminalitet
1998,kriminaliteten
1999,kriminelt
2000,kris
2001,kristendommen
2002,kristent
2003,kristi
2004,kritik
2005,kritiker
2006,kritikken
2007,kritisere
2008,kritisk
2009,kritiske
2010,kroatiske
2011,kronisk
2012,kroniske
2013,krukker
2014,ku
2015,kulinariske
2016,kuling
2017,kulturarv
2018,kulturelle
2019,kulturelt
2020,kulturen
2021,kulturer
2022,kulturhistorie
2023,kulturliv
2024,kulturminister
2025,kunsten
2026,kunsthal
2027,kunsthistorie
2028,kunstmuseet
2029,kunstmuseum
2030,kunstnerisk
2031,kurator
2032,kurdisk
2033,kurdiske
2034,kurset
2035,kurt
2036,kurz
2037,kvalifikation
2038,kvantitet
2039,kvartalet
2040,kvarteret
2041,kvartfinale
2042,kvartfinalen
2043,kvist
2044,kvitte
2045,kvote
2046,kvoten
2047,kvoter
2048,kw
2049,kyndig
2050,kyndige
2051,kystbyen
2052,kystnære
2053,kåre
2054,kårer
2055,la
2056,laboratorier
2057,laboratorium
2058,labour
2059,labrador
2060,ladies
2061,lal
2062,lan
2063,landområde
2064,landsdel
2065,landsdelen
2066,landskamp
2067,lange
2068,langer
2069,langstrakt
2070,langt
2071,langvarige
2072,lanka
2073,lappe
2074,lars
2075,larver
2076,lasse
2077,lassen
2078,latinske
2079,lau
2080,laura
2081,lava
2082,lavere
2083,laves
2084,lavest
2085,lavtliggende
2086,lea
2087,league
2088,leagues
2089,leasing
2090,ledelse
2091,ledende
2092,ledes
2093,ledet
2094,ledige
2095,ledigt
2096,lee
2097,legat
2098,legater
2099,legendariske
2100,legenden
2101,leger
2102,leget
2103,legitimitet
2104,legitimt
2105,lego
2106,leif
2107,lejen
2108,lejer
2109,lempe
2110,lena
2111,lene
2112,leo
2113,leon
2114,lerne
2115,lesbiske
2116,leth
2117,lettelse
2118,letter
2119,lettere
2120,lettest
2121,levealder
2122,levebrød
2123,levende
2124,leverandør
2125,leverandøren
2126,leveret
2127,levering
2128,leveringen
2129,leves
2130,levet
2131,levetid
2132,levevilkår
2133,leveår
2134,lewis
2135,lex
2136,li
2137,libanesiske
2138,liberal
2139,liberale
2140,liberalt
2141,libyen
2142,libyske
2143,licens
2144,licitation
2145,lidelse
2146,lidelser
2147,lie
2148,lien
2149,life
2150,liga
2151,ligere
2152,liggende
2153,light
2154,lignende
2155,lilli
2156,lina
2157,linda
2158,line
2159,linen
2160,linet
2161,linke
2162,linnet
2163,lion
2164,lionel
2165,lions
2166,lis
2167,lisa
2168,lise
2169,listens
2170,litauiske
2171,liters
2172,litterære
2173,little
2174,livløs
2175,livsfarlig
2176,livsfarlige
2177,livskvaliteten
2178,livslang
2179,livslange
2180,livstid
2181,ll
2182,ln
2183,lo
2184,lof
2185,lofter
2186,loftet
2187,logan
2188,logge
2189,logikken
2190,logisk
2191,logistik
2192,logistikken
2193,logistisk
2194,logo
2195,lokalbefolkningen
2196,lokalitet
2197,lokalt
2198,lone
2199,long
2200,lorry
2201,lose
2202,lotte
2203,lotteri
2204,lotto
2205,louis
2206,lovende
2207,lover
2208,lovet
2209,lovforslag
2210,lovforslaget
2211,lovgivende
2212,lovgivning
2213,low
2214,lp
2215,lucky
2216,luge
2217,luis
2218,lukrative
2219,luksuriøse
2220,luna
2221,lunger
2222,lup
2223,lur
2224,lurer
2225,luthers
2226,lutherske
2227,ly
2228,lyder
2229,lydt
2230,lyng
2231,lysende
2232,lyt
2233,låst
2234,låste
2235,læn
2236,læring
2237,lønnen
2238,løsning
2239,ma
2240,mac
2241,machine
2242,macron
2243,macrons
2244,madeira
2245,maden
2246,mads
2247,maduro
2248,maduros
2249,magazine
2250,magisk
2251,magiske
2252,magistraten
2253,magnet
2254,magnus
2255,mai
2256,mailen
2257,mails
2258,maja
2259,major
2260,majs
2261,makabert
2262,make
2263,makeup
2264,makke
2265,maksimal
2266,maksimale
2267,maksimalt
2268,maksimum
2269,males
2270,mali
2271,malling
2272,malta
2273,malurt
2274,management
2275,manager
2276,manchester
2277,mandat
2278,manges
2279,mangeårig
2280,mangeårige
2281,manila
2282,manuel
2283,manuelt
2284,manøvrer
2285,mao
2286,mar
2287,marathon
2288,marc
2289,marcel
2290,marco
2291,marcus
2292,margin
2293,marginaler
2294,maria
2295,mariano
2296,marie
2297,marine
2298,marinus
2299,maritime
2300,maritimt
2301,markant
2302,markante
2303,markering
2304,markeringen
2305,marketing
2306,markus
2307,marokkansk
2308,marokkanske
2309,mars
2310,martin
2311,mary
2312,massage
2313,massevis
2314,massiv
2315,massive
2316,massivt
2317,mast
2318,masten
2319,master
2320,masterplan
2321,masters
2322,matas
2323,match
2324,matcher
2325,matematisk
2326,matematiske
2327,materielle
2328,mats
2329,matt
2330,max
2331,may
2332,mays
2333,mc
2334,me
2335,medbringe
2336,meddele
2337,meddeler
2338,medføre
2339,media
2340,medical
2341,medicare
2342,medicares
2343,medicinen
2344,medina
2345,medio
2346,medlemsland
2347,medlemsstater
2348,medregnet
2349,medspiller
2350,medvirke
2351,medvirkende
2352,mee
2353,megafon
2354,meiner
2355,mekanik
2356,mekanisk
2357,melodi
2358,melodien
2359,melodier
2360,mener
2361,menes
2362,meng
2363,mening
2364,menings
2365,menneskehandel
2366,menneskeliv
2367,ment
2368,mental
2369,mentale
2370,mentalitet
2371,mentalt
2372,mente
2373,meny
2374,mer
2375,merc
2376,mercado
2377,mercedes
2378,messe
2379,messen
2380,messenger
2381,messer
2382,messi
2383,meste
2384,mestrer
2385,meteorolog
2386,meteorologen
2387,meteorologer
2388,meteorologiske
2389,meters
2390,metoo
2391,metro
2392,metropolitan
2393,mette
2394,mi
2395,mia
2396,michel
2397,mickey
2398,middagsbordet
2399,middelalder
2400,midlertidig
2401,midt
2402,midte
2403,midten
2404,mie
2405,migration
2406,mike
2407,mikkel
2408,mikrofon
2409,mikrofonen
2410,mikrofoner
2411,miks
2412,milano
2413,milde
2414,mildere
2415,mildest
2416,mildt
2417,milepæl
2418,miles
2419,militant
2420,militante
2421,militær
2422,militærbase
2423,militære
2424,militært
2425,militærøvelse
2426,miljøminister
2427,miljøministeren
2428,mille
2429,miller
2430,milliarder
2431,milliardæren
2432,millioner
2433,millionær
2434,mimi
2435,mindfulness
2436,mindretal
2437,mindreårige
2438,mini
2439,minibus
2440,minimal
2441,minimale
2442,minimalt
2443,minimere
2444,minimum
2445,ministerier
2446,ministeriet
2447,ministerium
2448,ministerråd
2449,ministers
2450,mink
2451,minna
2452,minor
2453,minoritet
2454,minoriteter
2455,minus
2456,mio
2457,mishandling
2458,misinformation
2459,miss
2460,mission
2461,missioner
2462,mistanken
2463,mitch
2464,mix
2465,mm
2466,mobilen
2467,mobilt
2468,model
2469,modellen
2470,modeller
2471,moden
2472,moderat
2473,moderate
2474,moderen
2475,moderne
2476,modernisere
2477,modernisering
2478,modeshow
2479,modige
2480,modne
2481,modnes
2482,moduler
2483,moldova
2484,molekyler
2485,mols
2486,molt
2487,moment
2488,momentum
2489,moms
2490,momsen
2491,mona
2492,monaco
2493,monster
2494,moon
2495,moore
2496,moralsk
2497,moralske
2498,morgan
2499,morten
2500,mosk
2501,mother
2502,motions
2503,motiverer
2504,motiveret
2505,motorsport
2506,mottoet
2507,mou
2508,mount
2509,mp
2510,mr
2511,mrk
2512,ms
2513,mth
2514,muld
2515,multinationale
2516,munch
2517,mundo
2518,muntert
2519,muntre
2520,museums
2521,music
2522,muskler
2523,muslimske
2524,must
2525,mv
2526,mw
2527,myanmar
2528,myndig
2529,mysterium
2530,mystik
2531,mystisk
2532,mystiske
2533,myte
2534,myter
2535,målgruppe
2536,målgrupper
2537,måltider
2538,måltidet
2539,nabobyen
2540,nabolaget
2541,naboland
2542,nabolandet
2543,nabostaten
2544,naivt
2545,naja
2546,nakken
2547,nam
2548,name
2549,nana
2550,nanna
2551,napoli
2552,narkotika
2553,nasa
2554,nationaldag
2555,nationale
2556,nationalisme
2557,nato
2558,natos
2559,natura
2560,naturgas
2561,naturhistorisk
2562,naturhistoriske
2563,nautilus
2564,navigation
2565,nb
2566,ne
2567,nedbør
2568,neden
2569,nederst
2570,nedgang
2571,nedgangen
2572,nedlagt
2573,nedre
2574,nedsatte
2575,nedskrive
2576,nedslag
2577,nephew
2578,ner
2579,nere
2580,nerver
2581,netop
2582,nets
2583,netto
2584,neurologiske
2585,new
2586,news
2587,nibe
2588,nice
2589,niche
2590,nick
2591,niger
2592,nigerianske
2593,night
2594,nik
2595,nikker
2596,nikket
2597,nina
2598,ning
2599,ninni
2600,nio
2601,niqab
2602,nis
2603,nister
2604,nj
2605,nm
2606,no
2607,nobelprisen
2608,nominering
2609,non
2610,noor
2611,nor
2612,nordamerikanske
2613,nordic
2614,nordirske
2615,nordiske
2616,nordkoreansk
2617,nordkoreanske
2618,nordlige
2619,nordre
2620,norm
2621,normal
2622,normale
2623,normalt
2624,norman
2625,normen
2626,normer
2627,normering
2628,nors
2629,norske
2630,north
2631,northern
2632,notat
2633,notatet
2634,notorisk
2635,novo
2636,nox
2637,nr
2638,ns
2639,nt
2640,nuancer
2641,nummeret
2642,nuvel
2643,nyheter
2644,nynazister
2645,nyttige
2646,nyvalg
2647,nås
2648,nærliggende
2649,nærme
2650,nærmere
2651,nærmest
2652,nærmeste
2653,nærområde
2654,nærområdet
2655,nært
2656,nærvær
2657,nødlanding
2658,ob
2659,obduktion
2660,objektiv
2661,obligatoriske
2662,observation
2663,ocean
2664,oceanarium
2665,odds
2666,of
2667,off
2668,offensiven
2669,officer
2670,officielle
2671,offshore
2672,ois
2673,ok
2674,okay
2675,ol
2676,olaf
2677,ole
2678,olga
2679,oliver
2680,olivier
2681,ols
2682,olympiske
2683,omar
2684,ombord
2685,ombygget
2686,omdanne
2687,omdømme
2688,omega
2689,omhyggelig
2690,omkom
2691,omme
2692,omsider
2693,omstille
2694,omstridt
2695,omtanke
2696,omtrent
2697,omverden
2698,on
2699,one
2700,online
2701,opad
2702,opdeling
2703,open
2704,opera
2705,operaen
2706,operaer
2707,operasanger
2708,operation
2709,operativ
2710,operative
2711,operatør
2712,oplever
2713,opposition
2714,opsat
2715,opsporing
2716,opstand
2717,opstarten
2718,optik
2719,optimal
2720,optimale
2721,optimering
2722,optimismen
2723,optimistisk
2724,optimistiske
2725,or
2726,orange
2727,orchestra
2728,orde
2729,ordentlige
2730,ordinær
2731,ordinære
2732,ordlyd
2733,ordlyden
2734,ordning
2735,ordningen
2736,org
2737,organ
2738,organer
2739,organisation
2740,organisatorisk
2741,organisatoriske
2742,organiseret
2743,organisering
2744,organiske
2745,organization
2746,orientere
2747,originale
2748,originalt
2749,orkesteret
2750,orla
2751,orlando
2752,orleans
2753,orlov
2754,ornitologisk
2755,oscar
2756,otto
2757,out
2758,ove
2759,oven
2760,overbevise
2761,overbevisning
2762,overdragelse
2763,overdrive
2764,overenskomst
2765,overflødige
2766,overføre
2767,overgang
2768,overgangen
2769,overgangsperiode
2770,overgangsperioden
2771,overgive
2772,overgå
2773,overhale
2774,overherredømme
2775,overholde
2776,overhus
2777,overhuset
2778,overhånd
2779,overkanten
2780,overkommelig
2781,overlast
2782,overlever
2783,overordentlig
2784,overse
2785,overset
2786,overskrift
2787,overskrifter
2788,overskyet
2789,overstige
2790,overtag
2791,overtagelse
2792,overtale
2793,overvære
2794,ow
2795,oxford
2796,pa
2797,paddle
2798,pais
2799,pakistanske
2800,palace
2801,palle
2802,paller
2803,palliative
2804,palmer
2805,panama
2806,panel
2807,panelet
2808,paolo
2809,pape
2810,papers
2811,papes
2812,parade
2813,parader
2814,paradis
2815,paradise
2816,parameter
2817,parametre
2818,parat
2819,parate
2820,paris
2821,parkering
2822,parlamentariske
2823,parlaments
2824,parlamentsvalg
2825,part
2826,parter
2827,partileder
2828,party
2829,passage
2830,passat
2831,passende
2832,passes
2833,passion
2834,passive
2835,pastor
2836,patchwork
2837,patroner
2838,patrulje
2839,patruljen
2840,patruljere
2841,paul
2842,pausen
2843,pauser
2844,pc
2845,pe
2846,peder
2847,peer
2848,pence
2849,pendle
2850,pendler
2851,pendlere
2852,pension
2853,pensionen
2854,pensioner
2855,people
2856,performance
2857,permanent
2858,permanente
2859,personale
2860,personalet
2861,personbil
2862,personbilen
2863,personlig
2864,personskade
2865,peru
2866,pessimismen
2867,pessimistisk
2868,pet
2869,petanque
2870,peter
2871,peters
2872,petro
2873,pf
2874,pfa
2875,ph
2876,philip
2877,phishing
2878,phoenix
2879,pia
2880,pianist
2881,pianisten
2882,piano
2883,pickup
2884,pierre
2885,pihl
2886,piloten
2887,piloter
2888,ping
2889,pink
2890,piper
2891,pirates
2892,pl
2893,placeres
2894,placering
2895,plakaten
2896,plan
2897,planen
2898,planer
2899,planlagt
2900,plantage
2901,plast
2902,plastik
2903,platform
2904,platformen
2905,play
2906,playoff
2907,plaza
2908,plet
2909,pletten
2910,plo
2911,plukke
2912,plus
2913,pm
2914,po
2915,poesi
2916,poetisk
2917,pointen
2918,points
2919,poli
2920,policy
2921,politibil
2922,politico
2923,politistyrken
2924,polske
2925,pony
2926,pop
2927,popcorn
2928,poppen
2929,popper
2930,populære
2931,populært
2932,portion
2933,portioner
2934,portugisiske
2935,posen
2936,poser
2937,position
2938,positioner
2939,postboks
2940,posten
2941,poster
2942,postkasse
2943,postnummer
2944,pot
2945,potentiel
2946,potentielle
2947,potter
2948,poul
2949,power
2950,pr
2951,prag
2952,praj
2953,praktik
2954,praktiske
2955,prale
2956,premier
2957,premiere
2958,premieren
2959,pres
2960,president
2961,press
2962,pressen
2963,presser
2964,presses
2965,presset
2966,prestige
2967,price
2968,pride
2969,priden
2970,primitive
2971,primus
2972,primære
2973,primært
2974,print
2975,prioritere
2976,prioritering
2977,prioriteringen
2978,prioritet
2979,privat
2980,private
2981,privaten
2982,privatisering
2983,privatliv
2984,privatlivet
2985,privatperson
2986,privatpersoner
2987,privatskole
2988,prix
2989,pro
2990,problematisk
2991,problematiske
2992,problemet
2993,procedure
2994,producent
2995,produkter
2996,produktet
2997,produktivitet
2998,produktiviteten
2999,professionelle
3000,professor
3001,professoren
3002,professorer
3003,profil
3004,profilen
3005,profiler
3006,profilere
3007,profit
3008,prognose
3009,prognosen
3010,prognoser
3011,program
3012,programmer
3013,programmet
3014,project
3015,projektet
3016,promille
3017,prominente
3018,promovere
3019,prompte
3020,prop
3021,propaganda
3022,proportioner
3023,protein
3024,protest
3025,protestantisk
3026,protestantiske
3027,protester
3028,protestere
3029,protokollen
3030,provinsen
3031,provinser
3032,pryder
3033,psykiatrien
3034,psykiatrisk
3035,psykiatriske
3036,psykiske
3037,psykolog
3038,psykologer
3039,psykologisk
3040,psykologiske
3041,pt
3042,pub
3043,public
3044,publikum
3045,publikummer
3046,puerto
3047,puls
3048,pulsen
3049,pumpet
3050,pust
3051,puste
3052,pusten
3053,pustet
3054,put
3055,putter
3056,pw
3057,pågår
3058,påstand
3059,påstanden
3060,påvise
3061,qatar
3062,quartet
3063,queen
3064,quick
3065,quo
3066,ra
3067,rabatten
3068,rabatter
3069,racing
3070,racisme
3071,radar
3072,radaren
3073,radikale
3074,radikalt
3075,radioaktivt
3076,radiostation
3077,rager
3078,ragnarok
3079,raket
3080,rally
3081,ram
3082,rambla
3083,rammen
3084,rammer
3085,rampe
3086,rampen
3087,ramt
3088,rand
3089,randen
3090,randi
3091,rangers
3092,rasch
3093,rask
3094,raske
3095,raul
3096,ray
3097,re
3098,reagere
3099,real
3100,realisering
3101,realistiske
3102,realitet
3103,realiteten
3104,reality
3105,reb
3106,reception
3107,redaktionschef
3108,redder
3109,reddes
3110,rederier
3111,rederiet
3112,redning
3113,reducere
3114,reduktion
3115,reelle
3116,reference
3117,refererer
3118,reformation
3119,reformen
3120,reformer
3121,reformere
3122,refusion
3123,regerende
3124,regeringen
3125,regerings
3126,regi
3127,regimet
3128,regional
3129,regionale
3130,regionalt
3131,registre
3132,registreret
3133,registrering
3134,registreringen
3135,registreringsnummer
3136,registreringsnummeret
3137,registret
3138,regneark
3139,regnes
3140,rehabilitering
3141,rekordmange
3142,rekruttering
3143,relation
3144,relevans
3145,relevant
3146,relevante
3147,religionen
3148,religioner
3149,religiøse
3150,religiøst
3151,rema
3152,rene
3153,renere
3154,reno
3155,renovation
3156,renovering
3157,renoveringen
3158,rensning
3159,renten
3160,renter
3161,reparation
3162,repertoire
3163,republikaner
3164,republikansk
3165,republikanske
3166,research
3167,reservatet
3168,reserve
3169,resistente
3170,resolut
3171,resolution
3172,resort
3173,restaurere
3174,restaurering
3175,resten
3176,rester
3177,resterende
3178,resultere
3179,retningslinjer
3180,retorikken
3181,retorisk
3182,retro
3183,retur
3184,revanche
3185,revet
3186,revision
3187,revolver
3188,rex
3189,ria
3190,ribe
3191,rice
3192,rich
3193,richard
3194,rick
3195,rico
3196,ridning
3197,rie
3198,rift
3199,rights
3200,rigide
3201,rimer
3202,ringen
3203,rinne
3204,rio
3205,risikabelt
3206,risikere
3207,rita
3208,ritter
3209,rival
3210,rivalen
3211,rivaler
3212,rivende
3213,rn
3214,road
3215,robert
3216,robin
3217,robot
3218,robust
3219,robuste
3220,rock
3221,rockband
3222,rockwool
3223,roen
3224,roger
3225,rogers
3226,rolf
3227,roll
3228,rollator
3229,rolle
3230,rollen
3231,roller
3232,romain
3233,romanen
3234,romaner
3235,romantisk
3236,ron
3237,rosa
3238,ross
3239,rotary
3240,roterende
3241,rotten
3242,rotterdam
3243,roundup
3244,rovdyr
3245,rover
3246,roy
3247,royal
3248,royale
3249,rt
3250,ruby
3251,ruin
3252,run
3253,runder
3254,rundes
3255,rundet
3256,rundtur
3257,rundturen
3258,runner
3259,rusk
3260,ruste
3261,rute
3262,ruten
3263,ruter
3264,ruth
3265,rutine
3266,rutinen
3267,rutiner
3268,rye
3269,rykke
3270,rytme
3271,rytmen
3272,rytmer
3273,rytmisk
3274,rytmiske
3275,rådgivende
3276,ræs
3277,røde
3278,røveri
3279,saad
3280,safari
3281,saga
3282,sagan
3283,sahara
3284,saint
3285,salat
3286,sale
3287,salen
3288,sally
3289,salmer
3290,salvador
3291,salvation
3292,sam
3293,samfundet
3294,samlingen
3295,sammen
3296,sammenkomst
3297,sammenligne
3298,sammenligning
3299,samråd
3300,samrådet
3301,samvirke
3302,samværet
3303,san
3304,sana
3305,sanaa
3306,sande
3307,sander
3308,sanders
3309,sandstrand
3310,sanitære
3311,sank
3312,sankt
3313,sanne
3314,sans
3315,santa
3316,santos
3317,sar
3318,sara
3319,sarte
3320,sas
3321,sass
3322,satellit
3323,satsning
3324,saturn
3325,saudi
3326,saudiarabiske
3327,sauna
3328,saxofon
3329,scenen
3330,scener
3331,sceneshow
3332,scenografi
3333,schack
3334,schade
3335,scheel
3336,schmidt
3337,school
3338,schweizisk
3339,science
3340,scient
3341,scoop
3342,scooter
3343,scooteren
3344,scoring
3345,screening
3346,sd
3347,sea
3348,sean
3349,seaside
3350,seat
3351,security
3352,seges
3353,segment
3354,sejt
3355,sek
3356,sekretær
3357,seksuelle
3358,seksuelt
3359,sektion
3360,selvbestemmelse
3361,selvforsvar
3362,selvstyrende
3363,semifinalen
3364,semifinaler
3365,seminar
3366,seminarium
3367,senat
3368,senatet
3369,senator
3370,senatorer
3371,sendes
3372,senior
3373,sensation
3374,sensommer
3375,sensorer
3376,separat
3377,separatister
3378,serbiske
3379,sergent
3380,serie
3381,serien
3382,serier
3383,series
3384,seriøs
3385,seriøse
3386,seriøst
3387,serum
3388,serv
3389,server
3390,servere
3391,servet
3392,service
3393,services
3394,session
3395,sessions
3396,setup
3397,sf
3398,sg
3399,shanghai
3400,sharif
3401,shaw
3402,sherif
3403,shirt
3404,shirts
3405,shitstorm
3406,shoppe
3407,shopping
3408,show
3409,showet
3410,shows
3411,sicilien
3412,sick
3413,sider
3414,siemens
3415,sierra
3416,signalement
3417,signatur
3418,signe
3419,sik
3420,silo
3421,siloen
3422,silva
3423,simon
3424,simpel
3425,simpelt
3426,simple
3427,singer
3428,single
3429,singler
3430,sir
3431,siri
3432,sisse
3433,situa
3434,situation
3435,sj
3436,sk
3437,skadedyr
3438,skala
3439,skalaen
3440,skaldyr
3441,skandalen
3442,skandaler
3443,skandinaviske
3444,skarp
3445,skarpe
3446,skarpt
3447,skattelettelse
3448,skau
3449,skelet
3450,skema
3451,skepsis
3452,skeptisk
3453,skeptiske
3454,ski
3455,skift
3456,skiftes
3457,skiftet
3458,skills
3459,skilsmisse
3460,skiltet
3461,skipper
3462,skipperen
3463,skiver
3464,sklerose
3465,skoda
3466,skolegang
3467,skolelærer
3468,skorsten
3469,skotske
3470,skredet
3471,skribent
3472,skroget
3473,skrot
3474,skru
3475,skrue
3476,skruen
3477,skt
3478,skuffen
3479,skuffer
3480,skunk
3481,skur
3482,skuret
3483,skyet
3484,skyldige
3485,skylle
3486,skyller
3487,skylles
3488,skype
3489,skår
3490,slaget
3491,slam
3492,slanke
3493,slappe
3494,slapper
3495,sled
3496,slid
3497,slider
3498,slides
3499,slinger
3500,slip
3501,slipper
3502,slobodan
3503,slogan
3504,sloth
3505,smadre
3506,smalle
3507,smalt
3508,smarte
3509,smartphone
3510,smartphones
3511,smelte
3512,smelter
3513,smertelindring
3514,smertestillende
3515,smid
3516,smith
3517,smitten
3518,smittende
3519,smugle
3520,smut
3521,smutter
3522,snacks
3523,snakken
3524,snaps
3525,sneg
3526,snert
3527,snit
3528,snoren
3529,sociale
3530,socialminister
3531,software
3532,sogn
3533,sohr
3534,sokkel
3535,solbriller
3536,solceller
3537,solidaritet
3538,solide
3539,solist
3540,solister
3541,solo
3542,solvang
3543,solvarme
3544,somalisk
3545,somatiske
3546,somme
3547,sommerdag
3548,sommerferie
3549,sommerfest
3550,sonden
3551,song
3552,sonne
3553,sonny
3554,sophia
3555,sophie
3556,sopran
3557,sortere
3558,sortiment
3559,soul
3560,south
3561,sovjetisk
3562,sovjetiske
3563,sp
3564,spa
3565,space
3566,spade
3567,spaden
3568,spanske
3569,sparke
3570,sparker
3571,sparring
3572,spd
3573,special
3574,speciale
3575,specialer
3576,specialist
3577,speciel
3578,specifik
3579,spektakulær
3580,spektakulære
3581,spektakulært
3582,spekulere
3583,spencer
3584,spicer
3585,spider
3586,spiegel
3587,spies
3588,spin
3589,spinkelt
3590,spinkle
3591,spiral
3592,spire
3593,spirer
3594,spiritus
3595,spolere
3596,sponsorer
3597,spontan
3598,spontane
3599,spontant
3600,sport
3601,sporten
3602,sports
3603,sportslig
3604,sprinter
3605,spår
3606,square
3607,sri
3608,ss
3609,st
3610,stabilitet
3611,stabilt
3612,stable
3613,stablen
3614,stafetten
3615,stage
3616,stalden
3617,stalking
3618,stampe
3619,standby
3620,star
3621,stars
3622,starte
3623,startes
3624,startet
3625,state
3626,staten
3627,stater
3628,states
3629,stationer
3630,statistik
3631,statistikken
3632,statistisk
3633,statistiske
3634,stats
3635,statsborger
3636,statskassen
3637,statssekretær
3638,status
3639,stay
3640,ste
3641,stearinlys
3642,stede
3643,stedvis
3644,steen
3645,steenberg
3646,steget
3647,stein
3648,stem
3649,stemmeretten
3650,stemmeseddel
3651,stemning
3652,stempel
3653,stemplet
3654,stenen
3655,stenene
3656,stenkast
3657,steno
3658,step
3659,ster
3660,steve
3661,stig
3662,stigning
3663,stigningen
3664,stik
3665,stikken
3666,stillere
3667,stilles
3668,stillestående
3669,stimulere
3670,stina
3671,stirrer
3672,stofa
3673,stolpe
3674,stolpen
3675,stolte
3676,stoppes
3677,storbyen
3678,storme
3679,stormer
3680,story
3681,str
3682,straffeloven
3683,straffer
3684,straffet
3685,strammer
3686,strammes
3687,strategisk
3688,strategiske
3689,strauss
3690,streame
3691,streamer
3692,streaming
3693,stred
3694,street
3695,strengere
3696,strengt
3697,stressende
3698,strider
3699,strik
3700,strike
3701,strip
3702,struktur
3703,strukturelle
3704,strukturen
3705,strukturer
3706,strømper
3707,stu
3708,studenter
3709,studerer
3710,studie
3711,studieretning
3712,stuer
3713,stumper
3714,stunder
3715,styk
3716,stykket
3717,styrelse
3718,styring
3719,styrk
3720,styrken
3721,styrker
3722,styrkes
3723,styrt
3724,størstedelen
3725,størsteparten
3726,støtte
3727,støtter
3728,su
3729,sudan
3730,suger
3731,suget
3732,suk
3733,sum
3734,summen
3735,summer
3736,summit
3737,sun
3738,sundet
3739,sune
3740,sung
3741,sunket
3742,sup
3743,superliga
3744,supervision
3745,suppleant
3746,supplement
3747,supplerende
3748,suppleres
3749,support
3750,surf
3751,surfer
3752,surfing
3753,surrealistisk
3754,surt
3755,suspendere
3756,suspenderes
3757,suu
3758,suv
3759,svanen
3760,sven
3761,svindel
3762,sving
3763,svinge
3764,svømmehallen
3765,sydlig
3766,symbolsk
3767,sympati
3768,sympatiske
3769,symptomer
3770,synergi
3771,synlige
3772,syns
3773,synspunktet
3774,syrien
3775,syriske
3776,systematiske
3777,sårbar
3778,sårbare
3779,sårbart
3780,sære
3781,særlig
3782,særskilt
3783,sødme
3784,tabellen
3785,tablet
3786,tabletter
3787,tackle
3788,tackler
3789,take
3790,takst
3791,taksten
3792,takt
3793,takter
3794,taktik
3795,taktisk
3796,taktiske
3797,talen
3798,taliban
3799,tall
3800,tamme
3801,tange
3802,tangenter
3803,tanja
3804,tankegang
3805,task
3806,tasker
3807,tass
3808,team
3809,teamet
3810,teams
3811,tech
3812,technology
3813,teddy
3814,tede
3815,tegner
3816,tegnet
3817,tegning
3818,teknisk
3819,tekniske
3820,teknologi
3821,teknologien
3822,teknologier
3823,teknologisk
3824,teknologiske
3825,teksten
3826,tekster
3827,tel
3828,tele
3829,telefonen
3830,telefonsamtale
3831,telegraph
3832,tema
3833,temaet
3834,temmelig
3835,temperament
3836,teologi
3837,teoretisk
3838,teoretiske
3839,teorien
3840,teorier
3841,ter
3842,terapeuter
3843,terne
3844,terrorhandling
3845,terrorisme
3846,terrorist
3847,terrorister
3848,tesla
3849,teste
3850,testen
3851,tester
3852,testes
3853,testet
3854,tests
3855,texas
3856,th
3857,thailandske
3858,thea
3859,theater
3860,there
3861,thise
3862,thor
3863,thousand
3864,thrones
3865,thw
3866,thy
3867,thys
3868,tide
3869,tidig
3870,tidsfrist
3871,tiet
3872,tilbehør
3873,tilblivelse
3874,tilde
3875,tilegne
3876,tilføre
3877,tilførsel
3878,tilknytning
3879,tillagt
3880,tilpasse
3881,tilskuer
3882,tilslutning
3883,tilstedeværelse
3884,tilstrømning
3885,tilsvarende
3886,tim
3887,timevis
3888,tina
3889,tine
3890,tion
3891,tip
3892,tippet
3893,tips
3894,tiske
3895,tj
3896,tm
3897,tn
3898,today
3899,toft
3900,togtur
3901,tolerance
3902,tomas
3903,tombola
3904,tommelen
3905,tommy
3906,tomt
3907,tony
3908,topper
3909,tops
3910,tore
3911,torp
3912,toscana
3913,totalt
3914,touch
3915,tour
3916,tours
3917,tower
3918,towers
3919,town
3920,toyota
3921,track
3922,traditioner
3923,trafik
3924,trafikken
3925,tragiske
3926,trailer
3927,trak
3928,traktat
3929,traktaten
3930,trane
3931,trang
3932,trans
3933,transformation
3934,transport
3935,transporten
3936,transporter
3937,transportere
3938,transporterer
3939,traumatiske
3940,trav
3941,travel
3942,travle
3943,trawl
3944,trekvart
3945,trend
3946,trenden
3947,tribune
3948,tribunen
3949,tricks
3950,trier
3951,trille
3952,triller
3953,trine
3954,trio
3955,trioen
3956,tripoli
3957,triumfen
3958,trofast
3959,trofaste
3960,trop
3961,tropisk
3962,tropiske
3963,tropper
3964,truck
3965,truer
3966,trues
3967,truet
3968,trump
3969,trumps
3970,trup
3971,trust
3972,trykker
3973,trykket
3974,tsunamien
3975,tui
3976,tunfisk
3977,tungt
3978,turbanen
3979,turbo
3980,turbulens
3981,turbulent
3982,turisme
3983,turismen
3984,turist
3985,turister
3986,turistmål
3987,turn
3988,turnering
3989,turneringen
3990,tusk
3991,tvang
3992,tvinge
3993,twitter
3994,tydelig
3995,tydeligvis
3996,tykt
3997,type
3998,typen
3999,typer
4000,typisk
4001,typiske
4002,tyrkiske
4003,tåler
4004,tørke
4005,tørn
4006,tørrer
4007,tørt
4008,uanmeldt
4009,uansvarlig
4010,uber
4011,uberørt
4012,ubetalte
4013,udemokratisk
4014,udi
4015,uenig
4016,uformelle
4017,uformelt
4018,uforstyrret
4019,ufrivillige
4020,ug
4021,uha
4022,uheldige
4023,uheldigvis
4024,uhindret
4025,uholdbar
4026,uhuru
4027,uhyggelig
4028,uinteressant
4029,uk
4030,uklar
4031,uklare
4032,uklart
4033,ukorrekt
4034,ukrainsk
4035,ukrainske
4036,ulempe
4037,ulemper
4038,ulf
4039,ulla
4040,ulogisk
4041,ultimo
4042,ultra
4043,ulønnet
4044,umenneskelig
4045,un
4046,undergang
4047,underholde
4048,underholdning
4049,underhuset
4050,underjordiske
4051,underlagt
4052,underliggende
4053,underminere
4054,underrette
4055,underskrift
4056,underskrifter
4057,understøtte
4058,undervise
4059,undervisning
4060,undervisningen
4061,undervurdere
4062,unfair
4063,ungarske
4064,ungdomsskole
4065,ungdomsskolen
4066,unges
4067,uniform
4068,uniformer
4069,unikt
4070,united
4071,universitetet
4072,university
4073,uno
4074,unormalt
4075,uns
4076,unødig
4077,up
4078,upassende
4079,upopulære
4080,urban
4081,urealistisk
4082,uro
4083,urolig
4084,urter
4085,us
4086,usa
4087,usikkert
4088,usikre
4089,uss
4090,ustabil
4091,ustabile
4092,ustabilitet
4093,usund
4094,uu
4095,uvant
4096,uventet
4097,uvisse
4098,uvurderlig
4099,uønsket
4100,vadum
4101,vagn
4102,valencia
4103,valerian
4104,valgdag
4105,valgkamp
4106,valgresultat
4107,valley
4108,vandre
4109,vandrerhjem
4110,vandring
4111,vangen
4112,vanguardia
4113,vanker
4114,vanlig
4115,vanlige
4116,varde
4117,varebil
4118,varebilen
4119,varehus
4120,varen
4121,variant
4122,varianter
4123,variation
4124,varierer
4125,varig
4126,varige
4127,varmen
4128,varmepumpe
4129,varmepumper
4130,varmt
4131,varsel
4132,varsler
4133,varslet
4134,vattenfall
4135,vedel
4136,vederlag
4137,vedvarende
4138,vegas
4139,vegetation
4140,vegger
4141,veksle
4142,velegnet
4143,velkomne
4144,vellykket
4145,velsignelse
4146,velvære
4147,vendepunkt
4148,vendes
4149,ventetid
4150,ventetider
4151,ventilation
4152,venus
4153,ver
4154,vera
4155,verbale
4156,verdensarv
4157,verdensklasse
4158,version
4159,versus
4160,vestafrikanske
4161,vestas
4162,vester
4163,vestfra
4164,vestindiske
4165,vestkysten
4166,vestlig
4167,vestre
4168,via
4169,vice
4170,victor
4171,victoria
4172,video
4173,videoen
4174,videoklip
4175,videreføre
4176,videregående
4177,videresalg
4178,vides
4179,viet
4180,vietnam
4181,vif
4182,vifte
4183,vig
4184,viis
4185,vikar
4186,viljen
4187,vilkår
4188,villa
4189,villaen
4190,villaer
4191,villige
4192,vilsen
4193,vincent
4194,vinding
4195,vingård
4196,vink
4197,virkelig
4198,virtuelle
4199,vision
4200,visionen
4201,visioner
4202,visit
4203,visitation
4204,visuelle
4205,visuelt
4206,vita
4207,vitale
4208,vito
4209,vive
4210,vivi
4211,vlak
4212,voer
4213,vokser
4214,vokset
4215,volleyball
4216,volumen
4217,volvo
4218,von
4219,vuelta
4220,vulkanen
4221,vurderer
4222,vurderet
4223,værker
4224,væsker
4225,wahl
4226,walk
4227,walking
4228,wall
4229,walls
4230,walt
4231,walter
4232,wang
4233,wars
4234,warszawa
4235,watch
4236,water
4237,way
4238,we
4239,web
4240,weber
4241,weiss
4242,welle
4243,wellness
4244,welt
4245,west
4246,wester
4247,what
4248,whisky
4249,white
4250,who
4251,wi
4252,wien
4253,wifi
4254,wild
4255,will
4256,willy
4257,win
4258,wind
4259,wine
4260,winter
4261,with
4262,witz
4263,wolf
4264,woman
4265,women
4266,workshop
4267,workshops
4268,world
4269,wright
4270,xi
4271,yaw
4272,year
4273,yong
4274,york
4275,yorker
4276,you
4277,young
4278,your
4279,zhang
4280,zoologisk
4281,zoologiske
4282,zor
4283,zuma
4284,åndedrag
4285,årelang
4286,årevis
4287,økologiske
4288,økonom
4289,økonomiske
4290,østlig
4291,østre
4292,øvelse
4293,aas
4294,abbey
4295,aborter
4296,about
4297,absentia
4298,accessories
4299,account
4300,active
4301,adaptiv
4302,adaptive
4303,adel
4304,adidas
4305,administrations
4306,administrator
4307,administreret
4308,adoption
4309,adrenalin
4310,adresseret
4311,advisory
4312,affÃ¦ren
4313,africa
4314,african
4315,after
4316,again
4317,against
4318,agency
4319,aggers
4320,agro
4321,ah
4322,ai
4323,aik
4324,ain
4325,airbag
4326,airport
4327,aj
4328,akkompagnatÃ¸r
4329,akkompagnere
4330,akryl
4331,akter
4332,aktiverer
4333,aktivisme
4334,aktualitet
4335,akustik
4336,akvareller
4337,alan
4338,alarmklokker
4339,alba
4340,ale
4341,alenemor
4342,alhaji
4343,alita
4344,alkoholfri
4345,allen
4346,allergiske
4347,alli
4348,alliere
4349,alone
4350,alpe
4351,alpha
4352,alpine
4353,altor
4354,alu
4355,alvi
4356,alzheimer
4357,amber
4358,amini
4359,ammoniak
4360,amore
4361,amy
4362,analog
4363,analoge
4364,analytisk
4365,andele
4366,ander
4367,anel
4368,ang
4369,angelique
4370,anger
4371,angry
4372,animalsk
4373,animalske
4374,ankel
4375,ans
4376,ansa
4377,anskaffelse
4378,anstrenge
4379,anstrengende
4380,ansvarsomrÃ¥de
4381,antagelig
4382,antagelse
4383,antik
4384,antikke
4385,antwerpen
4386,aparte
4387,apartheid
4388,applaus
4389,arcon
4390,arctic
4391,arenaer
4392,arent
4393,argentinas
4394,argentinsk
4395,arkitekturen
4396,arktisk
4397,armenske
4398,arnested
4399,around
4400,arrogance
4401,arsenals
4402,artige
4403,arup
4404,asf
4405,asia
4406,asocial
4407,asociale
4408,asp
4409,assistant
4410,assistenten
4411,assister
4412,assisterende
4413,assists
4414,asterix
4415,astra
4416,astronomi
4417,astronomiske
4418,ateist
4419,ateister
4420,atelieret
4421,athletic
4422,atk
4423,atl
4424,atlantic
4425,attack
4426,attentat
4427,audiens
4428,audio
4429,audis
4430,audition
4431,aula
4432,aura
4433,aurora
4434,aut
4435,autist
4436,autobahn
4437,automation
4438,automotive
4439,autopilot
4440,autoritÃ¦re
4441,avu
4442,ba
4443,backs
4444,backstage
4445,bacon
4446,badeby
4447,badebyen
4448,badekar
4449,bailey
4450,baker
4451,bakser
4452,baku
4453,bale
4454,balje
4455,baller
4456,balling
4457,baltic
4458,ban
4459,bangs
4460,banjo
4461,barbere
4462,barberet
4463,barok
4464,baron
4465,barr
4466,barry
4467,barskt
4468,bartender
4469,baryton
4470,basalt
4471,basaren
4472,basere
4473,bashkim
4474,basic
4475,basker
4476,bassen
4477,bastant
4478,batman
4479,battle
4480,baun
4481,bayer
4482,bb
4483,bc
4484,beat
4485,beate
4486,beats
4487,beautiful
4488,bedding
4489,bededag
4490,bedrageriet
4491,befordring
4492,before
4493,befrielse
4494,befrielsen
4495,begive
4496,begÃ¥s
4497,beha
4498,behandlingsformer
4499,beier
4500,beith
4501,bek
4502,beklaget
4503,belek
4504,bell
4505,bella
4506,belli
4507,belyser
4508,belyses
4509,belysningen
4510,ber
4511,berger
4512,bergs
4513,berige
4514,bering
4515,bern
4516,berth
4517,bertha
4518,bese
4519,beset
4520,beskatte
4521,bespisning
4522,bestandig
4523,bestseller
4524,bet
4525,better
4526,beundrer
4527,bevaring
4528,biavl
4529,bibelsk
4530,bibelske
4531,bibi
4532,biden
4533,biennale
4534,bies
4535,bikini
4536,bila
4537,billed
4538,billing
4539,billy
4540,biltrafikken
4541,binding
4542,bingo
4543,biodiversiteten
4544,biologer
4545,biomassen
4546,bios
4547,bip
4548,bird
4549,birdie
4550,birds
4551,bison
4552,bisp
4553,bissen
4554,bistÃ¥r
4555,bit
4556,bitcoin
4557,bitcoins
4558,bitten
4559,biturbo
4560,bivirkning
4561,blacksmith
4562,blair
4563,blanke
4564,bli
4565,blindes
4566,blodkar
4567,blodsukkeret
4568,blodtrykket
4569,blokade
4570,blom
4571,blomstret
4572,blomstring
4573,blond
4574,blood
4575,blu
4576,bobby
4577,boch
4578,bodega
4579,body
4580,bogey
4581,bogeys
4582,bogh
4583,boh
4584,bohemian
4585,bohr
4586,bokset
4587,boliglÃ¥n
4588,bolivia
4589,boll
4590,bologna
4591,bols
4592,bolte
4593,bonne
4594,book
4595,bookes
4596,boomer
4597,bora
4598,borch
4599,borer
4600,bores
4601,bork
4602,born
4603,borre
4604,bosch
4605,bosse
4606,bossen
4607,botanisk
4608,botaniske
4609,bourgogne
4610,bowie
4611,bowl
4612,bowlen
4613,boxen
4614,boxer
4615,boy
4616,bra
4617,brady
4618,brain
4619,brake
4620,brander
4621,brandstation
4622,brask
4623,brass
4624,brasserie
4625,brast
4626,bratte
4627,brav
4628,break
4629,brechen
4630,bredes
4631,brett
4632,brisling
4633,bristol
4634,broadway
4635,broch
4636,brock
4637,broderi
4638,bronzen
4639,brorson
4640,brother
4641,brothers
4642,bruins
4643,brummen
4644,brus
4645,bryllupsfest
4646,brystkassen
4647,brÃ¸ler
4648,bubber
4649,buffeten
4650,buhl
4651,building
4652,built
4653,bukker
4654,bule
4655,bulgarske
4656,bulldogs
4657,bulls
4658,bundu
4659,bunk
4660,burkaen
4661,bust
4662,butler
4663,byge
4664,byggemateriale
4665,bygningskompleks
4666,bygningskomplekset
4667,bylden
4668,byttedyr
4669,byttes
4670,bÃ¸tte
4671,cabernet
4672,cabriolet
4673,cairo
4674,cake
4675,call
4676,calle
4677,cam
4678,camps
4679,canadas
4680,canal
4681,cannes
4682,capella
4683,capital
4684,capitals
4685,cappis
4686,card
4687,cargo
4688,carina
4689,carmen
4690,carol
4691,carols
4692,cars
4693,carte
4694,cas
4695,casa
4696,cases
4697,cash
4698,casino
4699,casting
4700,castle
4701,castro
4702,cat
4703,catering
4704,catherine
4705,cellist
4706,celta
4707,celtic
4708,censor
4709,cent
4710,ceo
4711,ceres
4712,chang
4713,channel
4714,chardonnay
4715,charter
4716,chat
4717,chen
4718,chi
4719,chief
4720,child
4721,children
4722,chilenske
4723,chiles
4724,choice
4725,choir
4726,chopin
4727,christie
4728,chuck
4729,church
4730,citroen
4731,citrus
4732,citta
4733,civic
4734,civilisation
4735,claes
4736,claire
4737,class
4738,clay
4739,clearing
4740,clemens
4741,cliff
4742,climate
4743,clinch
4744,clock
4745,clubs
4746,cluster
4747,coach
4748,coaching
4749,coast
4750,cobra
4751,coca
4752,cockpit
4753,cocktails
4754,coco
4755,coffee
4756,cohen
4757,col
4758,cola
4759,cole
4760,coli
4761,colin
4762,collage
4763,collager
4764,collective
4765,collins
4766,colombo
4767,color
4768,colosseum
4769,columbus
4770,come
4771,comebacket
4772,comes
4773,comfort
4774,coming
4775,community
4776,concept
4777,concert
4778,concito
4779,conference
4780,connect
4781,consult
4782,consulting
4783,conte
4784,contemporary
4785,contest
4786,convenience
4787,cook
4788,cooking
4789,cooper
4790,copa
4791,core
4792,corner
4793,corolla
4794,corporation
4795,corsa
4796,cort
4797,coupe
4798,court
4799,cover
4800,cr
4801,crawl
4802,crazy
4803,create
4804,creek
4805,cremet
4806,crew
4807,cricket
4808,crime
4809,crowns
4810,cru
4811,cruz
4812,crystal
4813,culture
4814,cups
4815,curling
4816,curt
4817,cut
4818,cyber
4819,cycling
4820,dab
4821,dacia
4822,dagligdags
4823,dagmar
4824,dagslys
4825,dagur
4826,dai
4827,daisy
4828,dalum
4829,damplokomotiv
4830,dancing
4831,dar
4832,dart
4833,darwin
4834,dat
4835,dating
4836,dauphin
4837,dave
4838,dea
4839,dead
4840,deal
4841,decibel
4842,dedikere
4843,dee
4844,deep
4845,deer
4846,deja
4847,dekorative
4848,dekorere
4849,delikate
4850,dell
4851,deluxe
4852,demo
4853,demografi
4854,demografien
4855,demografisk
4856,demokratier
4857,denis
4858,departementschef
4859,deponeret
4860,deporteret
4861,depositum
4862,derby
4863,dere
4864,derne
4865,dersom
4866,designes
4867,designs
4868,destilleri
4869,detail
4870,detective
4871,detroit
4872,devisen
4873,dhia
4874,dialoger
4875,diamond
4876,dieselolie
4877,diffust
4878,digitalisere
4879,diktatorer
4880,diktere
4881,dikteret
4882,dilettant
4883,dina
4884,dinner
4885,dino
4886,direct
4887,dirigenter
4888,dirigerer
4889,dirigeres
4890,disciple
4891,disco
4892,discount
4893,disker
4894,diskoteket
4895,disorder
4896,display
4897,disponerer
4898,disruption
4899,disses
4900,distribuere
4901,distribuerer
4902,district
4903,dizzy
4904,doc
4905,dodo
4906,dodos
4907,dof
4908,dokken
4909,doktorgrad
4910,dolle
4911,dolly
4912,domaine
4913,dominansen
4914,domingo
4915,dominic
4916,domino
4917,donna
4918,donor
4919,doser
4920,dot
4921,douma
4922,dovent
4923,dovne
4924,downing
4925,download
4926,downs
4927,dragende
4928,dramaturg
4929,dressing
4930,drible
4931,drifte
4932,driftig
4933,driving
4934,drost
4935,druk
4936,drysse
4937,dua
4938,duc
4939,duetter
4940,duftende
4941,dui
4942,dumbo
4943,dumping
4944,dundee
4945,dunk
4946,dunke
4947,dunkle
4948,dvale
4949,dynamikken
4950,dynamo
4951,dyreart
4952,dyrelivet
4953,dyrepasser
4954,dystert
4955,dÃ¸dsulykker
4956,ea
4957,eagle
4958,eagles
4959,east
4960,eastern
4961,easy
4962,eat
4963,eb
4964,ebba
4965,ebbing
4966,ebola
4967,ecco
4968,echo
4969,eco
4970,economist
4971,economy
4972,ecstasy
4973,ecuador
4974,edel
4975,edin
4976,education
4977,eeg
4978,een
4979,ef
4980,efi
4981,eftermiddagskaffe
4982,egan
4983,egoisme
4984,egoistiske
4985,eid
4986,eklatant
4987,eksakt
4988,eksemplarisk
4989,eksistensen
4990,eksklusivt
4991,ekspandere
4992,ekspertisen
4993,eksplosive
4994,eksplosivt
4995,elastik
4996,elbilen
4997,eldorado
4998,elektro
4999,elementÃ¦re
5000,eli
5001,elin
5002,elina
5003,elise
5004,elmotoren
5005,elo
5006,elon
5007,elsa
5008,email
5009,emiliano
5010,eminent
5011,eminente
5012,empatisk
5013,empatiske
5014,empire
5015,endelÃ¸s
5016,endgame
5017,ending
5018,energikilde
5019,engelsktalende
5020,enkeltperson
5021,ensembler
5022,enterprise
5023,entertainment
5024,entreprise
5025,entusiast
5026,entusiastisk
5027,epidemi
5028,epidemien
5029,epoxy
5030,erfarent
5031,ergo
5032,ergonomi
5033,ero
5034,erobring
5035,erotiske
5036,ers
5037,esa
5038,eske
5039,espen
5040,esport
5041,essays
5042,essen
5043,essentiel
5044,essentielle
5045,estate
5046,etiket
5047,etiketten
5048,etiketter
5049,etter
5050,eud
5051,eus
5052,ev
5053,evakueringen
5054,evan
5055,evangeliet
5056,evergreens
5057,everything
5058,evolution
5059,ex
5060,excel
5061,excellence
5062,executive
5063,experience
5064,eye
5065,eyes
5066,fabrikant
5067,face
5068,facelift
5069,fairplay
5070,faktura
5071,fakturaer
5072,fakulteter
5073,fakultetet
5074,fall
5075,fallen
5076,fallout
5077,falmet
5078,fals
5079,familiebil
5080,familietur
5081,family
5082,fanatisk
5083,fanatiske
5084,fancy
5085,fane
5086,faner
5087,fangsten
5088,fanny
5089,fantasy
5090,farbar
5091,farbare
5092,farce
5093,faretruende
5094,farm
5095,farmen
5096,farsi
5097,fascinerer
5098,fasen
5099,fashion
5100,faso
5101,fattigdommen
5102,favorable
5103,faxe
5104,fb
5105,feature
5106,features
5107,febrilsk
5108,federal
5109,feel
5110,femdoblet
5111,feminine
5112,ferm
5113,ferske
5114,festes
5115,festet
5116,festivitas
5117,fevre
5118,fido
5119,fiesta
5120,fifty
5121,fighter
5122,figurative
5123,fiktive
5124,filmfestival
5125,filt
5126,finalist
5127,finals
5128,finanser
5129,finesse
5130,fiorentina
5131,firm
5132,firmabil
5133,firmas
5134,fiser
5135,fish
5136,fisherman
5137,fiskeindustri
5138,fiskemel
5139,fiskerihavn
5140,fiskeskipper
5141,fisketur
5142,five
5143,fjerntliggende
5144,flak
5145,flammen
5146,fleksibiliteten
5147,flerÃ¥rig
5148,flight
5149,flirt
5150,floor
5151,flora
5152,flou
5153,flowers
5154,flying
5155,flytrafikken
5156,fm
5157,focus
5158,fog
5159,foie
5160,folkedans
5161,folkefesten
5162,folkestyret
5163,fondet
5164,foods
5165,football
5166,fora
5167,forankre
5168,forcer
5169,fordom
5170,fordrive
5171,fords
5172,fordums
5173,fordÃ¸mmelse
5174,forenkle
5175,forenklet
5176,forest
5177,foretrukket
5178,forever
5179,forfriskende
5180,forfÃ¸rende
5181,forhistorie
5182,forhistorisk
5183,forhistoriske
5184,forkaste
5185,forliset
5186,forlovede
5187,forlovet
5188,formalitet
5189,forman
5190,formater
5191,formatet
5192,formation
5193,formere
5194,formidabelt
5195,formidable
5196,fornÃ¦rme
5197,forordet
5198,forplante
5199,forretten
5200,forretter
5201,forsendelse
5202,forskningsrÃ¥d
5203,forstille
5204,fortunas
5205,forvarsel
5206,forveksle
5207,forvirre
5208,forvolde
5209,forward
5210,forwarden
5211,forza
5212,foss
5213,fosser
5214,fossilt
5215,fossum
5216,fotografering
5217,fotografiet
5218,fotografisk
5219,fraflytte
5220,fraflyttet
5221,fragmenter
5222,fraktion
5223,francesco
5224,francis
5225,franco
5226,francos
5227,franklin
5228,frarÃ¥de
5229,fraskilt
5230,freder
5231,fredes
5232,freelance
5233,freestyle
5234,fremdeles
5235,fremherskende
5236,fremkomme
5237,fresh
5238,fries
5239,frimer
5240,frisure
5241,frisÃ¸ren
5242,frites
5243,fritidsaktivitet
5244,fritter
5245,frodig
5246,ft
5247,fuglearter
5248,fuglekasser
5249,fugleliv
5250,fuglelivet
5251,fuglesang
5252,fulham
5253,funding
5254,furbo
5255,furious
5256,fut
5257,futsal
5258,fy
5259,fyldige
5260,fysikken
5261,fÃ¸dested
5262,ga
5263,gaard
5264,gads
5265,gaffa
5266,galaxy
5267,galimatias
5268,gallery
5269,galten
5270,gamble
5271,gambling
5272,gamet
5273,gaming
5274,gangbar
5275,gangsti
5276,garantifond
5277,gardens
5278,garderoben
5279,garth
5280,gastro
5281,gastronomi
5282,gate
5283,gazelle
5284,gdi
5285,gel
5286,gemalen
5287,generationers
5288,generations
5289,generes
5290,genetik
5291,geni
5292,genialt
5293,gent
5294,gentleman
5295,geo
5296,geolog
5297,geometriske
5298,geopolitiske
5299,gerd
5300,german
5301,gestapo
5302,ghetto
5303,gifter
5304,gigant
5305,gilbert
5306,gimmick
5307,gjensidige
5308,gla
5309,glass
5310,glasskÃ¥r
5311,glasur
5312,glen
5313,glimmer
5314,glimrer
5315,gloser
5316,glÃ¸d
5317,gm
5318,gmail
5319,gnomes
5320,goals
5321,godset
5322,godstog
5323,godstransport
5324,going
5325,gok
5326,gokart
5327,golfbaner
5328,gong
5329,good
5330,goodwill
5331,gordon
5332,got
5333,gove
5334,gp
5335,gr
5336,graden
5337,grafiker
5338,grafikken
5339,grafiske
5340,graham
5341,gras
5342,gravemaskiner
5343,graveren
5344,graverende
5345,graviditeten
5346,gravsted
5347,grease
5348,grenache
5349,greta
5350,grey
5351,grib
5352,griller
5353,groet
5354,gross
5355,groteske
5356,ground
5357,groups
5358,grovere
5359,grum
5360,grÃ¥dige
5361,guardiola
5362,guides
5363,guinea
5364,gunner
5365,guns
5366,gunst
5367,guy
5368,gw
5369,gymnast
5370,gymnastikken
5371,gÃ¥sehud
5372,gÃ¥turen
5373,haarder
5374,haas
5375,habil
5376,hacking
5377,haglgevÃ¦r
5378,haltet
5379,halvere
5380,halvÃ¥ret
5381,hama
5382,hamburger
5383,hamrer
5384,handelspartner
5385,handicaps
5386,hank
5387,hanke
5388,hannah
5389,hannes
5390,happening
5391,harbour
5392,hard
5393,hardcore
5394,harddisk
5395,hardware
5396,hardy
5397,harken
5398,harm
5399,harmoniske
5400,harpiks
5401,hart
5402,has
5403,hasard
5404,hasse
5405,hastig
5406,hatchback
5407,havregryn
5408,haw
5409,hazard
5410,hb
5411,head
5412,header
5413,headset
5414,headspace
5415,healing
5416,health
5417,heats
5418,heaven
5419,heavy
5420,hee
5421,hefty
5422,heise
5423,heksen
5424,heler
5425,hello
5426,helmer
5427,helse
5428,helÃ¥rs
5429,hem
5430,hentydning
5431,herald
5432,herberger
5433,hercules
5434,here
5435,heritage
5436,hero
5437,herregud
5438,hess
5439,het
5440,hey
5441,hh
5442,hike
5443,hills
5444,hindret
5445,hip
5446,hippie
5447,hippier
5448,historik
5449,history
5450,hives
5451,hj
5452,hjemkomst
5453,hoc
5454,hodja
5455,hoffet
5456,hol
5457,hole
5458,holistisk
5459,holler
5460,holten
5461,homo
5462,honor
5463,honorarer
5464,hood
5465,horisonter
5466,horne
5467,hornet
5468,horns
5469,hortensia
5470,hose
5471,hoster
5472,hotdogs
5473,hotline
5474,hotspot
5475,hotte
5476,hour
5477,hovedbygning
5478,hovedgÃ¥rd
5479,hovedregel
5480,how
5481,howard
5482,hub
5483,humanistisk
5484,humle
5485,humlen
5486,hummel
5487,humoristiske
5488,humus
5489,hunt
5490,hunter
5491,hur
5492,hurdle
5493,hush
5494,husholdning
5495,husmor
5496,huss
5497,husstanden
5498,hval
5499,hverdagsliv
5500,hviledag
5501,hyben
5502,hybrider
5503,hydraulik
5504,hydraulisk
5505,hydrauliske
5506,hype
5507,hypotetisk
5508,hyres
5509,hysteri
5510,hysteriske
5511,hÃ¥ndplukket
5512,hÃ¸nsehus
5513,hÃ¸nsehuset
5514,ibis
5515,idealer
5516,idealet
5517,ideologier
5518,idioter
5519,ifs
5520,ih
5521,ikoner
5522,ikonet
5523,ikonisk
5524,iks
5525,illustration
5526,illustrator
5527,immune
5528,immunforsvar
5529,immunforsvaret
5530,immunitet
5531,impact
5532,imperial
5533,implementering
5534,implementeringen
5535,importen
5536,importÃ¸ren
5537,impossible
5538,improvisation
5539,impulser
5540,ina
5541,inaktiv
5542,inaktive
5543,inaktivitet
5544,inc
5545,inclusive
5546,indere
5547,index
5548,india
5549,indian
5550,indiana
5551,indignation
5552,indonesia
5553,indonesisk
5554,industrial
5555,industriby
5556,industrielt
5557,industriomrÃ¥det
5558,industry
5559,ineffektiv
5560,inferno
5561,infinity
5562,infotainment
5563,inga
5564,ingi
5565,injurier
5566,inland
5567,inn
5568,inner
5569,inputs
5570,insider
5571,insignia
5572,inspirator
5573,instinktivt
5574,instrumentale
5575,instrumentet
5576,insulin
5577,integrerer
5578,integritet
5579,intellekt
5580,intellektuelt
5581,intensiteten
5582,interaktion
5583,interiÃ¸ret
5584,internat
5585,interval
5586,intervallet
5587,into
5588,intolerance
5589,intro
5590,intuitivt
5591,invaderer
5592,invasive
5593,invester
5594,investeringsbank
5595,investeringsbanken
5596,involveres
5597,ion
5598,ip
5599,ipa
5600,iq
5601,iris
5602,iron
5603,ironiske
5604,ironman
5605,irritere
5606,isolerende
5607,isoleringen
5608,italian
5609,ix
5610,jacques
5611,jaguar
5612,jakken
5613,janeiro
5614,jante
5615,janteloven
5616,jargon
5617,jari
5618,jasper
5619,java
5620,javel
5621,jazzband
5622,jazzen
5623,jazzy
5624,jeep
5625,jeffrey
5626,jem
5627,jenny
5628,jernbanenettet
5629,jet
5630,jets
5631,jf
5632,jm
5633,joey
5634,jokes
5635,jollen
5636,jonassen
5637,joni
5638,jordkloden
5639,jorn
5640,josh
5641,journey
5642,joy
5643,js
5644,jubilar
5645,jubilaren
5646,julehilsen
5647,julemiddagen
5648,jumbo
5649,june
5650,junge
5651,jupiter
5652,jussi
5653,juventus
5654,kabalen
5655,kabine
5656,kabinet
5657,kaf
5658,kaffepause
5659,kaiser
5660,kaja
5661,kajakken
5662,kalenderÃ¥r
5663,kalken
5664,kamara
5665,kamma
5666,kann
5667,kanne
5668,kanonen
5669,kantar
5670,kantor
5671,kapellet
5672,kapitalen
5673,karat
5674,karavanen
5675,kardinal
5676,karens
5677,kari
5678,karim
5679,karismatisk
5680,karismatiske
5681,karma
5682,karneval
5683,karnevalet
5684,karton
5685,kas
5686,kassere
5687,kataloger
5688,kate
5689,katedral
5690,katedralen
5691,kath
5692,kato
5693,kazan
5694,kebab
5695,keep
5696,kegler
5697,keltisk
5698,keltiske
5699,kenn
5700,kennel
5701,kennet
5702,ker
5703,keramiske
5704,kerber
5705,key
5706,keyboards
5707,keys
5708,kh
5709,ki
5710,kian
5711,kid
5712,kids
5713,kiev
5714,kiki
5715,kill
5716,kilos
5717,kimen
5718,kingdom
5719,kingo
5720,kings
5721,kira
5722,kirks
5723,kiropraktor
5724,kirurger
5725,kiss
5726,klamme
5727,klara
5728,klargjort
5729,klatrer
5730,klikker
5731,klimatiske
5732,klingen
5733,klink
5734,klinker
5735,klistre
5736,klistret
5737,klm
5738,klokkeklar
5739,klokkeklare
5740,klokkeklart
5741,klosteret
5742,klÃ¸
5743,klÃ¸e
5744,klÃ¸ft
5745,klÃ¸fter
5746,kn
5747,knockout
5748,know
5749,knut
5750,kock
5751,kognitiv
5752,kollapse
5753,kollegium
5754,kollektivet
5755,kollidere
5756,kolonne
5757,kolossalt
5758,kombi
5759,komforten
5760,komiske
5761,komite
5762,kommentatoren
5763,kommunistisk
5764,kompakte
5765,kompasset
5766,kompleksitet
5767,kompleksiteten
5768,kona
5769,konat
5770,kondens
5771,konditor
5772,konfetti
5773,konfrontere
5774,kongresser
5775,konsekvente
5776,konsistens
5777,konsolidere
5778,konstituere
5779,konsulatet
5780,konsulenten
5781,konsultere
5782,kontinenter
5783,kontinuerlig
5784,kontrasten
5785,konvention
5786,konvertering
5787,koordinater
5788,koran
5789,koreograf
5790,korridorer
5791,kortvarige
5792,kosmetisk
5793,kosmetiske
5794,kramp
5795,krampe
5796,kramper
5797,kranen
5798,kraner
5799,kraniet
5800,kras
5801,kreere
5802,krigsstien
5803,kringle
5804,kroaten
5805,kroket
5806,kronhjort
5807,krumme
5808,krummer
5809,kryptisk
5810,kryptiske
5811,kuala
5812,kuben
5813,kuber
5814,kulinarisk
5815,kulminere
5816,kult
5817,kulturarven
5818,kulturinstitution
5819,kulturpolitik
5820,kulturrÃ¥d
5821,kunstart
5822,kunstarter
5823,kunster
5824,kunstform
5825,kunstmaler
5826,kunstskole
5827,kutteren
5828,kuu
5829,kvadratiske
5830,kvalitative
5831,kvalitetstid
5832,kvintet
5833,kvintetten
5834,kvisten
5835,kyle
5836,kystby
5837,kystnÃ¦rt
5838,label
5839,laboratoriet
5840,labours
5841,labyrint
5842,lady
5843,lagret
5844,lagring
5845,lake
5846,lakken
5847,lama
5848,lamme
5849,lammelse
5850,lammer
5851,lancering
5852,lancet
5853,landa
5854,landareal
5855,landgang
5856,landing
5857,landingen
5858,landkort
5859,lane
5860,langes
5861,langet
5862,laos
5863,lapper
5864,lappet
5865,lara
5866,larry
5867,lastet
5868,latinamerikanske
5869,latte
5870,laug
5871,lauget
5872,laurent
5873,laus
5874,laust
5875,law
5876,layout
5877,lead
5878,leaf
5879,leafs
5880,lean
5881,learning
5882,lease
5883,leave
5884,ledningen
5885,ledsage
5886,leed
5887,lega
5888,legalisere
5889,legatet
5890,legendarisk
5891,legender
5892,legitim
5893,legitime
5894,legitimere
5895,lei
5896,lektion
5897,lemper
5898,leone
5899,levealderen
5900,level
5901,leveringstid
5902,levestandarden
5903,levested
5904,lg
5905,liam
5906,liberia
5907,liberty
5908,libitum
5909,licenser
5910,lied
5911,lieder
5912,lif
5913,lighter
5914,likes
5915,lili
5916,lima
5917,limbo
5918,limet
5919,limousine
5920,lin
5921,lindre
5922,lindring
5923,lindy
5924,liner
5925,lines
5926,ling
5927,linie
5928,linse
5929,linser
5930,lips
5931,lisette
5932,litterÃ¦rt
5933,liu
5934,liva
5935,liver
5936,livgivende
5937,living
5938,livrem
5939,livret
5940,livsform
5941,livslangt
5942,livssyn
5943,lm
5944,lobo
5945,local
5946,locanda
5947,location
5948,lockout
5949,log
5950,loge
5951,logen
5952,logger
5953,logi
5954,logiske
5955,lokalbefolkning
5956,lokaliteten
5957,lonely
5958,look
5959,loop
5960,lord
5961,lost
5962,lots
5963,lotteriet
5964,lotus
5965,loud
5966,lounge
5967,loungen
5968,louns
5969,loveless
5970,luc
5971,luftfart
5972,luftig
5973,luftige
5974,luget
5975,luigi
5976,luka
5977,luke
5978,lukrativt
5979,luksuriÃ¸st
5980,lumpur
5981,lunere
5982,lunkent
5983,lunkne
5984,luns
5985,lure
5986,lux
5987,lynnedslag
5988,lyon
5989,lyrik
5990,lyrisk
5991,lÃ¥ser
5992,lÃ¦remester
5993,lÃ¦repenge
5994,lÃ¦rlingen
5995,lÃ¸nner
5996,lÃ¸v
5997,maa
5998,maas
5999,madam
6000,madame
6001,madeleine
6002,madens
6003,madison
6004,magic
6005,magien
6006,magistrat
6007,magneter
6008,mahogni
6009,main
6010,mainstream
6011,maio
6012,majoritet
6013,majoriteten
6014,makabre
6015,makita
6016,maks
6017,maksimere
6018,malaga
6019,malaysiske
6020,malik
6021,maltas
6022,mama
6023,mamma
6024,manaa
6025,mande
6026,mandolin
6027,mango
6028,manifestation
6029,manipulation
6030,mann
6031,manna
6032,manuelle
6033,manus
6034,manÃ¸vrere
6035,maple
6036,maps
6037,marche
6038,marchen
6039,margarine
6040,marginal
6041,marginalt
6042,mari
6043,marian
6044,mariane
6045,marihuana
6046,marinaen
6047,marino
6048,marit
6049,market
6050,markets
6051,marko
6052,maroon
6053,marshall
6054,mart
6055,martial
6056,martins
6057,marvel
6058,marys
6059,mascot
6060,maser
6061,maskineriet
6062,maskuline
6063,mastodont
6064,matches
6065,matchet
6066,mate
6067,matin
6068,matti
6069,maxi
6070,maya
6071,maze
6072,mb
6073,mba
6074,mdr
6075,meat
6076,medfart
6077,medfÃ¸dt
6078,medicine
6079,medlemskort
6080,medskyldig
6081,medskyldige
6082,meet
6083,meier
6084,mek
6085,mekanikken
6086,mekaniske
6087,mekanisme
6088,mekanismer
6089,melodisk
6090,melodiske
6091,memory
6092,menig
6093,menneskelivet
6094,mentaliteten
6095,merchandise
6096,mercury
6097,messias
6098,met
6099,meta
6100,metan
6101,mettes
6102,mick
6103,micro
6104,middelklasse
6105,middelklassen
6106,midnight
6107,midtpunktet
6108,mighty
6109,migrant
6110,mik
6111,mikro
6112,mikrobiologi
6113,mikroorganismer
6114,mikroskopisk
6115,mikroskopiske
6116,milan
6117,militÃ¦rfly
6118,militÃ¦rtjeneste
6119,mill
6120,milliardÃ¦r
6121,milligram
6122,mindreÃ¥rig
6123,minds
6124,mindset
6125,minigolf
6126,minimerer
6127,minimumskrav
6128,ministres
6129,mint
6130,minusgrader
6131,mira
6132,mirakelkur
6133,mirakulÃ¸st
6134,mirror
6135,misset
6136,missing
6137,missions
6138,mixed
6139,mizz
6140,ml
6141,mo
6142,mobiler
6143,mobilisere
6144,mobility
6145,modent
6146,moderator
6147,modern
6148,moderniseringen
6149,modi
6150,modul
6151,moe
6152,moes
6153,moko
6154,molde
6155,molly
6156,monas
6157,money
6158,monstre
6159,mont
6160,montana
6161,monte
6162,monterer
6163,montre
6164,monty
6165,montÃ¸r
6166,moreno
6167,morin
6168,morning
6169,moro
6170,morris
6171,moss
6172,most
6173,mosten
6174,motel
6175,moto
6176,motocross
6177,mountain
6178,mountains
6179,move
6180,movie
6181,mozambique
6182,mt
6183,mu
6184,mukhtar
6185,mulle
6186,mulm
6187,multi
6188,multicenter
6189,munks
6190,musikliv
6191,musk
6192,mustang
6193,mysteriet
6194,myten
6195,mytiske
6196,mytologi
6197,mÃ¥lbare
6198,mÃ¥nedlig
6199,mÃ¥rhund
6200,mÃ¸re
6201,mÃ¸rt
6202,mÃ¸rtel
6203,na
6204,nadal
6205,nagel
6206,nager
6207,nancy
6208,nap
6209,napoleon
6210,nappe
6211,napper
6212,narret
6213,nations
6214,naturalistisk
6215,naturalistiske
6216,nature
6217,naturlov
6218,naturreservat
6219,navigator
6220,nazi
6221,nazismen
6222,nazist
6223,nazister
6224,nazistisk
6225,ncap
6226,nedbÃ¸ren
6227,nedenfor
6228,nedskrevet
6229,need
6230,nees
6231,negligere
6232,neil
6233,nekrolog
6234,nelson
6235,nemo
6236,nen
6237,nepotisme
6238,nerve
6239,nerveceller
6240,nestor
6241,nette
6242,nettene
6243,network
6244,nevada
6245,never
6246,next
6247,ngel
6248,nien
6249,nights
6250,nih
6251,niki
6252,niko
6253,nimb
6254,ninna
6255,nippe
6256,nipper
6257,nips
6258,niro
6259,nobel
6260,nobelpris
6261,noe
6262,noer
6263,noir
6264,noma
6265,nonstop
6266,nora
6267,nordfra
6268,nordlig
6269,nordlys
6270,nordpolen
6271,normalen
6272,normaltid
6273,norr
6274,notre
6275,nova
6276,novak
6277,novi
6278,novichok
6279,now
6280,npm
6281,nuance
6282,nyrer
6283,nÃ¦ret
6284,nÃ¦rkamp
6285,nÃ¦rkontakt
6286,nÃ¦rvÃ¦ret
6287,obel
6288,objekt
6289,obs
6290,observans
6291,ocha
6292,odd
6293,office
6294,officials
6295,offline
6296,offside
6297,oh
6298,oil
6299,oldebarn
6300,oman
6301,omgangen
6302,omorganisering
6303,omslag
6304,once
6305,only
6306,operations
6307,operatÃ¸ren
6308,operette
6309,oplader
6310,opleveren
6311,opondo
6312,optiker
6313,option
6314,opus
6315,oral
6316,orb
6317,order
6318,ordinÃ¦rt
6319,organic
6320,organisations
6321,organiseringen
6322,organisten
6323,organister
6324,originalen
6325,originaler
6326,ortodokse
6327,osama
6328,oser
6329,osteoporose
6330,otium
6331,our
6332,outdoor
6333,outlet
6334,outline
6335,output
6336,outside
6337,outsider
6338,ovale
6339,ovenfra
6340,overbefolkning
6341,overdosis
6342,overdreven
6343,overdrivelse
6344,overdÃ¥dig
6345,overdÃ¥dige
6346,overdÃ¸ve
6347,overfart
6348,overfarten
6349,overhÃ¸re
6350,overlap
6351,overlapper
6352,overlegent
6353,overlegne
6354,overskygge
6355,oversvÃ¸mme
6356,oyster
6357,paa
6358,pace
6359,pacemaker
6360,pacific
6361,pacifique
6362,paddling
6363,padle
6364,page
6365,pahus
6366,pair
6367,pakistansk
6368,pakning
6369,palette
6370,palliativ
6371,palm
6372,palmas
6373,palme
6374,pan
6375,panorama
6376,panther
6377,para
6378,paradigmeskifte
6379,paradigmeskiftet
6380,paradiso
6381,paranoid
6382,parasport
6383,parkeringen
6384,parkeringshus
6385,parket
6386,parkour
6387,parlamentarisk
6388,parlamenter
6389,parma
6390,partimedlemmer
6391,partipolitiske
6392,pass
6393,passus
6394,patenter
6395,paula
6396,paulo
6397,paulus
6398,paw
6399,pay
6400,pd
6401,peace
6402,peak
6403,pedal
6404,pedaler
6405,pejs
6406,pek
6407,pelle
6408,pengepolitikken
6409,pensionat
6410,pensions
6411,pep
6412,peptalk
6413,percussion
6414,perfektion
6415,performer
6416,periodevis
6417,persiske
6418,perspektivet
6419,perth
6420,perus
6421,pesto
6422,pete
6423,petra
6424,petter
6425,pez
6426,pianister
6427,picnic
6428,piet
6429,pigment
6430,pilates
6431,pinot
6432,pioner
6433,pipeline
6434,pippi
6435,pisa
6436,piske
6437,pisken
6438,pist
6439,pister
6440,pit
6441,pitstop
6442,pizzeria
6443,place
6444,plancher
6445,planken
6446,planker
6447,plantearter
6448,planteliv
6449,planteskole
6450,planteskolen
6451,plasten
6452,playmaker
6453,please
6454,pleasure
6455,plot
6456,plottet
6457,plug
6458,pluk
6459,podcast
6460,podcasts
6461,poder
6462,poetry
6463,pointer
6464,pokus
6465,polakken
6466,polar
6467,pole
6468,polere
6469,polit
6470,politibilen
6471,politistyrke
6472,polstret
6473,pompÃ¸se
6474,pondus
6475,pool
6476,popp
6477,poppe
6478,poppet
6479,popstjerne
6480,populariteten
6481,populisme
6482,portal
6483,portefÃ¸lje
6484,portefÃ¸ljen
6485,porter
6486,porÃ¸se
6487,postdoc
6488,poste
6489,postnummeret
6490,potent
6491,potente
6492,poterne
6493,potte
6494,potten
6495,pp
6496,pragmatisk
6497,pragmatiske
6498,praktisere
6499,pram
6500,pre
6501,premium
6502,presenning
6503,pressens
6504,pretty
6505,prime
6506,primera
6507,primitivt
6508,primo
6509,prince
6510,prinsessen
6511,prinsesser
6512,printe
6513,printer
6514,privatfly
6515,privatskolen
6516,prize
6517,production
6518,produktive
6519,produktivt
6520,prof
6521,profession
6522,professorat
6523,programmere
6524,programmering
6525,progressiv
6526,progressive
6527,projektor
6528,promenade
6529,prominent
6530,promotor
6531,proppen
6532,propper
6533,prostata
6534,prostitution
6535,protection
6536,protestanter
6537,protesten
6538,protokol
6539,prototype
6540,prototypen
6541,prototyper
6542,proviant
6543,provinsby
6544,pryde
6545,ps
6546,psa
6547,psg
6548,psykologen
6549,publikummet
6550,puck
6551,puf
6552,pujol
6553,puk
6554,pukkel
6555,pulserende
6556,punk
6557,purple
6558,pusher
6559,puttes
6560,python
6561,pÃ¥fÃ¸re
6562,pÃ¥gÃ¥ende
6563,pÃ¥skedag
6564,pÃ¥skeliljer
6565,quattro
6566,queens
6567,quintana
6568,quist
6569,rabiate
6570,racerbane
6571,radiator
6572,radiatoren
6573,radioaktive
6574,rai
6575,rain
6576,raketten
6577,rallycross
6578,rami
6579,ramon
6580,ramper
6581,range
6582,ranger
6583,rangere
6584,rank
6585,ranke
6586,rapid
6587,raps
6588,rasle
6589,rater
6590,rating
6591,ravage
6592,realiseringen
6593,realisme
6594,realiteter
6595,receptionist
6596,recession
6597,records
6598,recycling
6599,redaktÃ¸ren
6600,reddere
6601,rederi
6602,reef
6603,referee
6604,referer
6605,refleks
6606,refs
6607,refugium
6608,regan
6609,regatta
6610,reggae
6611,regimer
6612,registeret
6613,regnbyge
6614,regulativ
6615,reich
6616,reid
6617,reklamen
6618,relations
6619,release
6620,relief
6621,remis
6622,remise
6623,renard
6624,rengjort
6625,rens
6626,rentable
6627,reolen
6628,replik
6629,replikken
6630,report
6631,res
6632,rescue
6633,reservat
6634,reserven
6635,restauration
6636,restaureringen
6637,restituere
6638,restitution
6639,retail
6640,retoriske
6641,returen
6642,review
6643,revisionen
6644,revisions
6645,revisoren
6646,revival
6647,rh
6648,rhapsody
6649,rhein
6650,rib
6651,rica
6652,richter
6653,riel
6654,riesling
6655,rifter
6656,riga
6657,right
6658,ripost
6659,rise
6660,risikabel
6661,risikable
6662,ristorante
6663,ritt
6664,ritualer
6665,rium
6666,rivaliserende
6667,rivalisering
6668,riven
6669,riza
6670,rk
6671,roadster
6672,roar
6673,roc
6674,rocketman
6675,rocky
6676,roed
6677,roede
6678,roet
6679,roklubben
6680,rolling
6681,rolls
6682,romantik
6683,romantiske
6684,rooftop
6685,room
6686,roos
6687,rory
6688,rossen
6689,rotation
6690,roterer
6691,roth
6692,roum
6693,round
6694,rs
6695,ru
6696,rub
6697,ruc
6698,rud
6699,rugby
6700,runa
6701,runden
6702,runners
6703,running
6704,rush
6705,rustne
6706,ryder
6707,rytmus
6708,rÃ¥des
6709,rÃ¸dglÃ¸dende
6710,rÃ¸rledning
6711,sa
6712,saa
6713,saba
6714,sabine
6715,sabro
6716,sadler
6717,safety
6718,saftige
6719,said
6720,saints
6721,saksen
6722,salah
6723,salaten
6724,sales
6725,salim
6726,salmen
6727,salon
6728,salsa
6729,salvini
6730,samara
6731,sameksistens
6732,sammenblanding
6733,sammy
6734,sams
6735,samtid
6736,samtiden
6737,samtidige
6738,samtidskunst
6739,sanden
6740,sands
6741,sandy
6742,sanna
6743,sanse
6744,sanselig
6745,sao
6746,sapiens
6747,sarkastisk
6748,sart
6749,satan
6750,satirisk
6751,satiriske
6752,satsen
6753,sauce
6754,saucen
6755,saudiarabisk
6756,saudiske
6757,sauvignon
6758,savage
6759,savannen
6760,saver
6761,savet
6762,sawo
6763,sax
6764,saxo
6765,saxofonist
6766,say
6767,scala
6768,scanne
6769,scanner
6770,scanning
6771,scarlet
6772,scenario
6773,scenograf
6774,scenografien
6775,schalke
6776,scharf
6777,schors
6778,schouw
6779,sciences
6780,scout
6781,sead
6782,seafood
6783,seance
6784,second
6785,secret
6786,sedan
6787,see
6788,segmenter
6789,segmentet
6790,seier
6791,seinen
6792,sekretÃ¦ren
6793,sekt
6794,sekundÃ¦r
6795,sekundÃ¦re
6796,sekundÃ¦rt
6797,sele
6798,selektiv
6799,seler
6800,selfies
6801,selleri
6802,selvlÃ¦rt
6803,selvsikker
6804,sem
6805,semi
6806,seminarer
6807,seminaret
6808,sending
6809,sener
6810,sengetid
6811,sense
6812,sensor
6813,separate
6814,sepp
6815,serena
6816,seriÃ¸sitet
6817,serve
6818,shades
6819,shah
6820,shaka
6821,shape
6822,shell
6823,shelter
6824,shi
6825,shila
6826,shine
6827,ship
6828,shipping
6829,ships
6830,shit
6831,shop
6832,shoppen
6833,shopper
6834,shore
6835,shorts
6836,shot
6837,shots
6838,showman
6839,showroom
6840,shu
6841,sic
6842,sidestykke
6843,siel
6844,siet
6845,sif
6846,sifa
6847,sightseeing
6848,silas
6849,silicon
6850,silke
6851,sille
6852,silvan
6853,sim
6854,simoni
6855,sing
6856,singlen
6857,sinne
6858,sion
6859,sisi
6860,sisters
6861,sisto
6862,site
6863,sites
6864,size
6865,ska
6866,skalp
6867,skandalÃ¸st
6868,skandinavisk
6869,skanner
6870,skansen
6871,skateboard
6872,skeel
6873,skiene
6874,skildre
6875,skildring
6876,skilles
6877,skilsmisser
6878,skilter
6879,skimmel
6880,skimte
6881,skinnende
6882,skiold
6883,skitur
6884,skodder
6885,skolegangen
6886,skolegÃ¥rd
6887,skribenten
6888,skribenter
6889,skriften
6890,skrifter
6891,skrog
6892,skrubbe
6893,skrumpe
6894,sku
6895,skuet
6896,skyfri
6897,skyldfÃ¸lelse
6898,skyline
6899,skÃ¥nsom
6900,sl
6901,slalom
6902,slank
6903,slankere
6904,slat
6905,slitage
6906,slogans
6907,slott
6908,slovak
6909,slovenske
6910,slow
6911,slum
6912,sluse
6913,slynge
6914,slynger
6915,slÃ¸ve
6916,small
6917,smeden
6918,smugling
6919,sn
6920,snack
6921,snake
6922,snakkes
6923,sneakers
6924,snoet
6925,snore
6926,snow
6927,snu
6928,snus
6929,snÃ¸re
6930,soc
6931,soccer
6932,society
6933,sociolog
6934,sode
6935,soft
6936,soja
6937,solar
6938,solcelle
6939,solenergi
6940,solidariteten
6941,sollys
6942,solnedgangen
6943,solstrÃ¥len
6944,solutions
6945,somaliske
6946,some
6947,sommelier
6948,sommertid
6949,soner
6950,songwriter
6951,sony
6952,sophus
6953,sopranen
6954,sound
6955,southern
6956,souvenir
6957,souvenirs
6958,sovjet
6959,spaghetti
6960,spang
6961,sparkes
6962,sparre
6963,sparrow
6964,sparta
6965,speaker
6966,speed
6967,speeder
6968,speedway
6969,spelling
6970,spendere
6971,spinning
6972,spion
6973,spioner
6974,spirit
6975,spirituel
6976,spirituelle
6977,spiro
6978,spiselig
6979,spisested
6980,spjald
6981,spole
6982,sponsorere
6983,sporadiske
6984,sporting
6985,sporty
6986,spray
6987,spraymaling
6988,springende
6989,sprint
6990,spy
6991,spÃ¥s
6992,squash
6993,squat
6994,sr
6995,ssi
6996,sta
6997,staal
6998,stabelen
6999,stabilisere
7000,stabilisering
7001,stabiliteten
7002,stabler
7003,stadier
7004,stadige
7005,stadium
7006,stagnation
7007,stander
7008,stark
7009,startup
7010,statement
7011,statisk
7012,statister
7013,statsbudget
7014,statskasse
7015,statuette
7016,staun
7017,stav
7018,stave
7019,staver
7020,staves
7021,steak
7022,stella
7023,stemple
7024,stena
7025,stenalder
7026,stereotype
7027,sterling
7028,steven
7029,stiftelse
7030,stiftelsen
7031,stiga
7032,stikkes
7033,stile
7034,stilk
7035,still
7036,stilstand
7037,stimen
7038,stimuli
7039,sting
7040,stinker
7041,stivelse
7042,stokke
7043,stokken
7044,stolper
7045,stone
7046,stones
7047,stoppested
7048,storskala
7049,strange
7050,stream
7051,stresser
7052,stridens
7053,strides
7054,strier
7055,strips
7056,strong
7057,strukturelt
7058,strukturere
7059,strÃ¥le
7060,strÃ¥ling
7061,strÃ¸mning
7062,stuart
7063,stub
7064,studeres
7065,studio
7066,studios
7067,stunt
7068,sturgeon
7069,style
7070,styling
7071,stÃ¥lrÃ¸r
7072,stÃ¸vsuge
7073,subjektive
7074,sudans
7075,sug
7076,sugerÃ¸r
7077,suges
7078,suite
7079,suiter
7080,summa
7081,summe
7082,sunds
7083,sunset
7084,supply
7085,surfe
7086,surrealistiske
7087,suse
7088,suspenderer
7089,svan
7090,svaner
7091,svenska
7092,svindler
7093,svit
7094,svÃ¸mmehaller
7095,sweet
7096,swift
7097,swim
7098,swing
7099,sydamerikansk
7100,syden
7101,sydover
7102,symbiose
7103,symbolik
7104,symbolisere
7105,symbolske
7106,symphony
7107,sync
7108,synkront
7109,synsvinkel
7110,syntetisk
7111,syr
7112,syrah
7113,sys
7114,sÃ¦rinteresser
7115,sÃ¦rskilte
7116,tabel
7117,tabes
7118,tablets
7119,tabor
7120,taekwondo
7121,tahrir
7122,takeaway
7123,takle
7124,takten
7125,taktikken
7126,talks
7127,taller
7128,tangen
7129,tangere
7130,tankegangen
7131,tao
7132,tapas
7133,tariffer
7134,tarp
7135,tastatur
7136,tastaturet
7137,tea
7138,teak
7139,teambuilding
7140,teaterstykke
7141,teaterstykket
7142,technologies
7143,ted
7144,teenage
7145,tekstur
7146,telefonsamtaler
7147,tell
7148,ten
7149,teolog
7150,teologisk
7151,teologiske
7152,terapeutisk
7153,tere
7154,teren
7155,teret
7156,termer
7157,terminal
7158,terminalen
7159,termisk
7160,tern
7161,terp
7162,territoriale
7163,territorier
7164,teslas
7165,tet
7166,tex
7167,tgi
7168,thai
7169,than
7170,that
7171,theatre
7172,theis
7173,them
7174,theo
7175,thing
7176,things
7177,think
7178,this
7179,thit
7180,three
7181,thriller
7182,tibet
7183,tibetanske
7184,tico
7185,tidsalder
7186,tidsfristen
7187,tidsperiode
7188,tidsskrifter
7189,tidsskriftet
7190,tiebreak
7191,tige
7192,tik
7193,tikke
7194,tilberedning
7195,tildeler
7196,tilknytte
7197,timeout
7198,timing
7199,tinder
7200,tinderbox
7201,tinge
7202,tinna
7203,tippe
7204,tipper
7205,titanic
7206,titter
7207,tiÃ¥r
7208,tk
7209,tl
7210,todelt
7211,together
7212,togturen
7213,toke
7214,tolerant
7215,tolerante
7216,tolerere
7217,tolkningen
7218,tomorrow
7219,toni
7220,tonic
7221,tonni
7222,too
7223,topp
7224,torne
7225,toro
7226,tort
7227,tosser
7228,totalitÃ¦re
7229,tourism
7230,toy
7231,toys
7232,tr
7233,trac
7234,trade
7235,trading
7236,traffic
7237,trail
7238,train
7239,trainee
7240,trampe
7241,tramper
7242,trampet
7243,traner
7244,transfer
7245,transit
7246,transportbÃ¥nd
7247,transportfly
7248,transportmiddel
7249,trap
7250,traumatisk
7251,trave
7252,trawler
7253,tredoble
7254,tree
7255,trek
7256,trekroner
7257,trends
7258,trendy
7259,triathlon
7260,triatlon
7261,tribute
7262,trigon
7263,trilogi
7264,trilogien
7265,trim
7266,trip
7267,triple
7268,tripper
7269,triton
7270,trompetist
7271,trucks
7272,try
7273,tsi
7274,tuba
7275,tue
7276,tuen
7277,tulip
7278,tulle
7279,tundra
7280,tunet
7281,turbulente
7282,turnaround
7283,turne
7284,turner
7285,tusch
7286,tvingende
7287,tweets
7288,twin
7289,twist
7290,two
7291,tykkelse
7292,tyler
7293,tynder
7294,tyngdepunkt
7295,tyranni
7296,tÃ¥lt
7297,tÃ¦ring
7298,tÃ¸
7299,tÃ¸rken
7300,tÃ¸rne
7301,tÃ¸rster
7302,uae
7303,ubehag
7304,ubehandlet
7305,ubenyttet
7306,ubeskrivelig
7307,ubestridt
7308,ubetalt
7309,ubetydelig
7310,udemokratiske
7311,udramatisk
7312,uegnet
7313,uerfarne
7314,ufarlig
7315,ufattelig
7316,uforandret
7317,uforglemmelig
7318,ufred
7319,ufÃ¸re
7320,ugyldige
7321,uh
7322,uhelbredelig
7323,ukorrekte
7324,ulÃ¥st
7325,umami
7326,umbrella
7327,und
7328,underbygge
7329,underdog
7330,underfundige
7331,underhus
7332,underjordisk
7333,underkanten
7334,underlaget
7335,undertrykke
7336,ungdommelig
7337,uniformen
7338,unika
7339,unit
7340,universal
7341,universe
7342,universel
7343,universelle
7344,unormale
7345,unÃ¸dige
7346,uorden
7347,upcoming
7348,upon
7349,uproblematisk
7350,upÃ¥virket
7351,urbane
7352,urbanisering
7353,urealistiske
7354,urent
7355,urÃ¸rt
7356,usas
7357,uskarpe
7358,ustabilt
7359,usual
7360,ut
7361,utopi
7362,utopisk
7363,utrecht
7364,utro
7365,uv
7366,uwe
7367,va
7368,vaccination
7369,vacciner
7370,vade
7371,vader
7372,valutaen
7373,valutaer
7374,vandringen
7375,vanilje
7376,vardar
7377,varehuset
7378,varelager
7379,varmekilde
7380,varsling
7381,varsomt
7382,vaskeri
7383,vb
7384,vederlaget
7385,vega
7386,veganere
7387,vegansk
7388,veganske
7389,vehicle
7390,vela
7391,velholdt
7392,velstÃ¥ende
7393,velvet
7394,vendepunktet
7395,venezuelanske
7396,venten
7397,ventiler
7398,verbal
7399,verdi
7400,veronica
7401,versa
7402,versionen
7403,veteranbil
7404,veterinÃ¦re
7405,vetter
7406,vibe
7407,vidder
7408,vie
7409,vielse
7410,vies
7411,vietnamesiske
7412,vii
7413,vikariat
7414,vikings
7415,vile
7416,village
7417,vinbonde
7418,vinci
7419,vindstille
7420,vingÃ¥rden
7421,vintage
7422,vintertid
7423,vinyl
7424,viola
7425,virgin
7426,virtual
7427,virtuose
7428,virum
7429,visitkort
7430,visning
7431,visti
7432,vital
7433,vitalt
7434,vitello
7435,vocal
7436,voel
7437,voice
7438,voks
7439,volder
7440,volley
7441,volt
7442,volts
7443,voss
7444,vox
7445,vs
7446,vu
7447,wada
7448,wake
7449,wales
7450,walisiske
7451,walker
7452,war
7453,ward
7454,warren
7455,was
7456,watt
7457,wayne
7458,week
7459,wei
7460,welcome
7461,well
7462,wen
7463,western
7464,wheel
7465,when
7466,wilczek
7467,wildcard
7468,willem
7469,winding
7470,windsurfing
7471,wing
7472,wings
7473,winkel
7474,wir
7475,wire
7476,wish
7477,wolle
7478,wonder
7479,wonderful
7480,wood
7481,woods
7482,work
7483,worm
7484,worst
7485,wout
7486,wow
7487,wrist
7488,yacht
7489,yale
7490,yao
7491,yard
7492,yates
7493,yellow
7494,yesterday
7495,youth
7496,zero
7497,zlatan
7498,zoe
7499,zoom
7500,zoome
7501,zoomer
7502,zornig
7503,zulu
7504,Ã¥relange
7505,Ã¥rsrapport
7506,Ã¥rsrapporten
7507,Ã¥sted
7508,Ã¦resdoktor
7509,Ã¸k
7510,Ã¸konomen
7511,Ã¸kosystem
7512,Ã¸kosystemet
7513,Ã¸se
7514,affÃ¦ren
7515,akkompagnatÃ¸r
7516,ansvarsomrÃ¥de
7517,autoritÃ¦re
7518,begÃ¥s
7519,bistÃ¥r
7520,boliglÃ¥n
7521,brÃ¸ler
7522,bÃ¸tte
7523,dÃ¸dsulykker
7524,elementÃ¦re
7525,endelÃ¸s
7526,flerÃ¥rig
7527,fordÃ¸mmelse
7528,forfÃ¸rende
7529,fornÃ¦rme
7530,forskningsrÃ¥d
7531,frarÃ¥de
7532,frisÃ¸ren
7533,fÃ¸dested
7534,glasskÃ¥r
7535,glÃ¸d
7536,grÃ¥dige
7537,gÃ¥sehud
7538,gÃ¥turen
7539,haglgevÃ¦r
7540,halvÃ¥ret
7541,helÃ¥rs
7542,hovedgÃ¥rd
7543,hÃ¥ndplukket
7544,hÃ¸nsehus
7545,hÃ¸nsehuset
7546,importÃ¸ren
7547,industriomrÃ¥det
7548,interiÃ¸ret
7549,kalenderÃ¥r
7550,klÃ¸
7551,klÃ¸e
7552,klÃ¸ft
7553,klÃ¸fter
7554,kulturrÃ¥d
7555,kystnÃ¦rt
7556,litterÃ¦rt
7557,luksuriÃ¸st
7558,lÃ¥ser
7559,lÃ¦remester
7560,lÃ¦repenge
7561,lÃ¦rlingen
7562,lÃ¸nner
7563,lÃ¸v
7564,manÃ¸vrere
7565,medfÃ¸dt
7566,militÃ¦rfly
7567,militÃ¦rtjeneste
7568,milliardÃ¦r
7569,mindreÃ¥rig
7570,mirakulÃ¸st
7571,montÃ¸r
7572,mÃ¥lbare
7573,mÃ¥nedlig
7574,mÃ¥rhund
7575,mÃ¸re
7576,mÃ¸rt
7577,mÃ¸rtel
7578,nedbÃ¸ren
7579,nÃ¦ret
7580,nÃ¦rkamp
7581,nÃ¦rkontakt
7582,nÃ¦rvÃ¦ret
7583,operatÃ¸ren
7584,ordinÃ¦rt
7585,overdÃ¥dig
7586,overdÃ¥dige
7587,overdÃ¸ve
7588,overhÃ¸re
7589,oversvÃ¸mme
7590,pompÃ¸se
7591,portefÃ¸lje
7592,portefÃ¸ljen
7593,porÃ¸se
7594,pÃ¥fÃ¸re
7595,pÃ¥gÃ¥ende
7596,pÃ¥skedag
7597,pÃ¥skeliljer
7598,redaktÃ¸ren
7599,rÃ¥des
7600,rÃ¸dglÃ¸dende
7601,rÃ¸rledning
7602,sekretÃ¦ren
7603,sekundÃ¦r
7604,sekundÃ¦re
7605,sekundÃ¦rt
7606,selvlÃ¦rt
7607,seriÃ¸sitet
7608,skandalÃ¸st
7609,skolegÃ¥rd
7610,skyldfÃ¸lelse
7611,skÃ¥nsom
7612,slÃ¸ve
7613,snÃ¸re
7614,solstrÃ¥len
7615,spÃ¥s
7616,strÃ¥le
7617,strÃ¥ling
7618,strÃ¸mning
7619,stÃ¥lrÃ¸r
7620,stÃ¸vsuge
7621,sugerÃ¸r
7622,svÃ¸mmehaller
7623,sÃ¦rinteresser
7624,sÃ¦rskilte
7625,tiÃ¥r
7626,totalitÃ¦re
7627,transportbÃ¥nd
7628,tÃ¥lt
7629,tÃ¦ring
7630,tÃ¸
7631,tÃ¸rken
7632,tÃ¸rne
7633,tÃ¸rster
7634,ufÃ¸re
7635,ulÃ¥st
7636,unÃ¸dige
7637,upÃ¥virket
7638,urÃ¸rt
7639,velstÃ¥ende
7640,veterinÃ¦re
7641,vingÃ¥rden
7642,Ã¥relange
7643,Ã¥rsrapport
7644,Ã¥rsrapporten
7645,Ã¥sted
7646,Ã¦resdoktor
7647,Ã¸k
7648,Ã¸konomen
7649,Ã¸kosystem
7650,Ã¸kosystemet
7651,Ã¸se
7652,affÃ¦ren
7653,akkompagnatÃ¸r
7654,ansvarsomrÃ¥de
7655,autoritÃ¦re
7656,begÃ¥s
7657,bistÃ¥r
7658,boliglÃ¥n
7659,brÃ¸ler
7660,bÃ¸tte
7661,dÃ¸dsulykker
7662,elementÃ¦re
7663,endelÃ¸s
7664,flerÃ¥rig
7665,fordÃ¸mmelse
7666,forfÃ¸rende
7667,fornÃ¦rme
7668,forskningsrÃ¥d
7669,frarÃ¥de
7670,frisÃ¸ren
7671,fÃ¸dested
7672,glasskÃ¥r
7673,glÃ¸d
7674,grÃ¥dige
7675,gÃ¥sehud
7676,gÃ¥turen
7677,haglgevÃ¦r
7678,halvÃ¥ret
7679,helÃ¥rs
7680,hovedgÃ¥rd
7681,hÃ¥ndplukket
7682,hÃ¸nsehus
7683,hÃ¸nsehuset
7684,importÃ¸ren
7685,industriomrÃ¥det
7686,interiÃ¸ret
7687,kalenderÃ¥r
7688,klÃ¸
7689,klÃ¸e
7690,klÃ¸ft
7691,klÃ¸fter
7692,kulturrÃ¥d
7693,kystnÃ¦rt
7694,litterÃ¦rt
7695,luksuriÃ¸st
7696,lÃ¥ser
7697,lÃ¦remester
7698,lÃ¦repenge
7699,lÃ¦rlingen
7700,lÃ¸nner
7701,lÃ¸v
7702,manÃ¸vrere
7703,medfÃ¸dt
7704,militÃ¦rfly
7705,militÃ¦rtjeneste
7706,milliardÃ¦r
7707,mindreÃ¥rig
7708,mirakulÃ¸st
7709,montÃ¸r
7710,mÃ¥lbare
7711,mÃ¥nedlig
7712,mÃ¥rhund
7713,mÃ¸re
7714,mÃ¸rt
7715,mÃ¸rtel
7716,nedbÃ¸ren
7717,nÃ¦ret
7718,nÃ¦rkamp
7719,nÃ¦rkontakt
7720,nÃ¦rvÃ¦ret
7721,operatÃ¸ren
7722,ordinÃ¦rt
7723,overdÃ¥dig
7724,overdÃ¥dige
7725,overdÃ¸ve
7726,overhÃ¸re
7727,oversvÃ¸mme
7728,pompÃ¸se
7729,portefÃ¸lje
7730,portefÃ¸ljen
7731,porÃ¸se
7732,pÃ¥fÃ¸re
7733,pÃ¥gÃ¥ende
7734,pÃ¥skedag
7735,pÃ¥skeliljer
7736,redaktÃ¸ren
7737,rÃ¥des
7738,rÃ¸dglÃ¸dende
7739,rÃ¸rledning
7740,sekretÃ¦ren
7741,sekundÃ¦r
7742,sekundÃ¦re
7743,sekundÃ¦rt
7744,selvlÃ¦rt
7745,seriÃ¸sitet
7746,skandalÃ¸st
7747,skolegÃ¥rd
7748,skyldfÃ¸lelse
7749,skÃ¥nsom
7750,slÃ¸ve
7751,snÃ¸re
7752,solstrÃ¥len
7753,spÃ¥s
7754,strÃ¥le
7755,strÃ¥ling
7756,strÃ¸mning
7757,stÃ¥lrÃ¸r
7758,stÃ¸vsuge
7759,sugerÃ¸r
7760,svÃ¸mmehaller
7761,sÃ¦rinteresser
7762,sÃ¦rskilte
7763,tiÃ¥r
7764,totalitÃ¦re
7765,transportbÃ¥nd
7766,tÃ¥lt
7767,tÃ¦ring
7768,tÃ¸
7769,tÃ¸rken
7770,tÃ¸rne
7771,tÃ¸rster
7772,ufÃ¸re
7773,ulÃ¥st
7774,unÃ¸dige
7775,upÃ¥virket
7776,urÃ¸rt
7777,velstÃ¥ende
7778,veterinÃ¦re
7779,vingÃ¥rden
7780,Ã¥relange
7781,Ã¥rsrapport
7782,Ã¥rsrapporten
7783,Ã¥sted
7784,Ã¦resdoktor
7785,Ã¸k
7786,Ã¸konomen
7787,Ã¸kosystem
7788,Ã¸kosystemet
7789,Ã¸se
