1833,regn
12182,voerse
28080,pige
2733,jylland
26974,od
25643,karlsen
18521,søgaard
9938,fiskeri
14833,zoo
17663,rusland
8593,ådal
19201,rolighed
7486,forbrug
7231,ny
26828,forvente
22103,peberspray
23159,dræbe
26282,varebil
21328,bog
30502,froome
9449,limfjordsråd
11716,cykelsti
25293,venezuela
26088,regel
17836,filmteater
2216,kastrup
765,halse
19458,thisted
30027,barn
1983,akutlægebil
29250,bsv
5512,støvring
27942,overnatning
17365,kystvej
31402,dortmund
9609,journalist
7631,pavillon
27446,faglært
15748,hospice
29661,svinekød
14571,bog
1539,uge
1930,jakobsen
2486,lastbil
6773,lilla
12501,kl
28130,vandværk
27675,sex
13759,fordom
24969,forfatte
16220,bendten
2837,storbritannien
29620,bræk
28691,pct
20934,kvinde
28837,em
19054,kristian
8519,kræft
21380,uge
11784,kok
22112,troende
20555,bilist
482,rumænien
17817,rådgive
12116,læsø
30936,mad
5793,myrup
5990,more
2663,bus
612,bjarke
17358,per
28956,virksomhed
5712,kanal
24659,foundation
2822,krebse
14780,kor
17901,udbud
3591,centre
12809,nederlag
878,reformation
