30509,på parade hit rock hitte slutte
7674,kristian thulesen dahl til
25908,bent lund spise dem man der
17377,stor såsom skulptur skulpturere
16967,sparekasse på og fond kvadratmeter hobro
27952,kibsgaard for klub fra kalender anden
11212,storme der storm og
31958,beslutte andersen egon udvalg at medlem
6723,her sydlig retning aalborg af er
870,ogude emmanuel dieudonne data hos vendsyssel
19457,dykke tog i rekord dyk med
29117,efterforskning aarhus finde derfor operativ vest
16785,ritzau slovenien over ellebæk ottobrøker nørresundby
4462,superdistrikt kirke det nykirke skørping franske
9103,marie suldrup og nordjylland knuse sangskriver
29760,islandsk susan det falk vejleder lynch
5627,kræve og grade kulturstyrelse højere høj
22791,derude skalborg kirke pauls mund siger
16011,olie kule kul el
12128,anklager fuglsang stille chris froome
12244,hals i halse hal
1131,ansvar hel forfatte det forfatter aalborg
5542,dy vild skræmme krarup der lars
23836,hestekraft avis midtthy pa el med
4528,kirke indbrud i biersted sofie
20528,eller samme moment meget ferrari
6898,rigsrevision fra oprette og de opretter
3647,løgstør fodboldforening kirke sognehus falslev
29808,løsning nordjylland og naturligvis region sundhedshus
7009,dna kunstig vi det skabe mediere
21074,hvepse bi bie larver
25536,mand til arkaden mande blev kennedy
3100,rækkehus og ejerlejlighed parcelhus at
5741,to var støvring der iværksætter hansen
8724,sparekasse jazze fond jazz forrygende hobro
26350,til flygtning men og grækenland norge
16395,nat borup om da blev tyv
15914,thomas aalborg albæk musiker af er
17168,legeplads fantastisk og stor far fare
18412,gruppe som farsø senior frivillig vognsild
12534,vila kirke jakob cello biersted sofie
1004,jammerbugt havn asaa og hemme havne
9963,lidt rask i anette erslev v
10747,til sognegård brønderslev sindal flyveklub august
21771,alle friskole kristne kristen
4383,overholde tennisstjernen og aftale singapore verdensetteren
8512,synge en teater og ved se
8636,nordsjællandsk om skal erstatning patient er
26062,leverandør for og ny fri er
11593,silkeborg hold og ved lang holde
23744,severins bjarne reut t biograf bio
28349,resultat vm seede og eksportere frosne
24917,på og ellers dreng i bro
15739,brandmand to havde skuespiller holger af
10296,banegård for stafet torsdag hjørring
26359,ly lys kirke med biersted sofie
11341,for teste vandværk doense i at
3748,farsø og aktivitet sønderhå amfetamin
4492,mange og klager samvirkes styrelse klage
18967,ilse van hollænder de kira foran
25592,på tre og villaindbrud smykke
10539,toronto dansk kvartfinalen nhl tidligere draft
16172,gennemrode om indbrud i grundig
903,gram politi finde standse kokain ham
25772,durup gøre serie mor nordmor fodbold
5050,polen i pol men
6329,besøg besøge besøger på og
1658,annas mange konkurrence fødselsdag siger national
17930,kommunekontaktråd andersen gennem siger af medlem
27066,skole på offentlig bus stagstrup
161,øvrig samfund på skatte der skat
15610,malaysia fabrik fra i fyresvindmøller vinge
29323,middelalderens kirkelig en fortæller julespil byggetilladelse
12645,marked citykirke på tonny arbejdse jacobsen
25676,tunnelrør eller i forbindelse ekstra med
30853,planter mange der plante
25125,sylvestre jannik pohl minut
29263,kirke by terndrup bælum biersted sofie
19613,til melbourne en vm finansminister i
31102,også kunstner nær i arbejde grønland
