27894,bakterie patient trane nørby
15021,løgstør hall hal gammel
13473,træning afbræk afbrække landsholdsspiller
21863,ryanair parlament rettighed europa
5090,revy komponist hjørring konferencier
20229,skibe skib limfjorden havn
10922,helsingør betjene betjent gave
500,fifa ejer eje generalsekretær
4803,sydafrika dal sol vist
8186,støvring ældrecenter tisted runner
4801,skovbak skovbakke minut andenplads
11097,rask aalborg læser syg
20171,lugt skole lugte beredskab
5401,bøje nordkorea andrea beijing
20727,hjort storme storm kristof
30550,dæk dække mountainbike ekstra
27171,koldby hørdumme hørdum kamp
28537,stenum danseaften musikant kaffe
17225,folkeskole element lærer vores
17966,nordjylland landsplan dræbe jesper
8968,snedsted snedstede kørekort frakende
12863,hornum lund innovationsminister morten
7708,sevilla playoffkamp hareide åge
19812,arena nord sverige træningskamp
17756,anklager kørekort anklageskrift årig
17709,hyldig pige tur jesper
17321,ordensmagt mande påkøre mand
17836,filmteater hobro biograf kulturhus
17656,tottenham tottenhan kaste fodboldklub
27708,placering kommune energi flertal
12953,norge tyskland udspil landstræner
1548,bankospil telt telte aften
7826,kvinde kvindelig kommunalvalg storme
27251,udvisning periode spille sønderjysk
29395,pris prise så gammel
5248,sæson tv producere gensyn
18639,aalborgvej bil bile skadestue
25354,angreb bjørn angribe dylane
22877,landbrug job jobbe tal
6767,lastbil kvinde ramme modkørende
17027,andersson power marine marin
5053,app lancere foto ny
15967,barn børnehjem dreng misbrug
13057,sørup blod sprit narko
27469,wozniacki sejr sejre dansker
9407,fritte spørge latin nogen
31704,limfjorden forudse ekspert udenlandsk
27275,morse mor skjern krarup
22604,støberigård emnefelt ansgarshjem mf
14114,dansker kvartal statistik krone
1038,duedahl straks bus mads
30008,dronninglund ipade undervisning iphone
8469,fck solbak solbakke kvist
7961,vejdirektorat tunnel nørresundby nordgående
8112,køb hæve sælger forsinkelse
14852,jesper hobro knæskade hammershøy
3594,indflytning ungdomsbolig etage repræsentant
18633,politibetjent indbrudstyv borgermøde tidligere
28380,vin navn ost ose
30856,johanne hobro grafik andersson
14803,golf gear geare vw
18977,træning præmis anlægge anlæg
13217,suldrup vers lighed fjor
8848,ubåd flåde kontakt talsmand
24073,bulbjerg natur politiker egnet
31128,toneangivende hæve rente niveau
1726,pris prise barn rikke
31788,torben trænere træner træne
12106,publikum forestilling halse hals
6058,gæst overnatning bak kjeld
5366,vigtigste emne hjørring vigtig
23012,juletræ rådyr moseby forlyde
9194,lauridse fransk underviser bente
1231,klitmølle taske pung punge
30296,palæstinensisk dræbe vestbredde vestbred
27497,løb løbe tran kaj
1287,thisted faglig sygehus arbejdsgruppe
24026,valgmøde musikalsk parti holdt
18032,nordvest frisk friske vest
10032,juli aarhus international sangerinde
